issue_id,blood_bank_id,blood_group,component_type,units,issue_date,hospital_id
ISSUE7959BC7495,BB005,A+,RBC,5,2026-04-23,HOSP008
ISSUEA74AB081E2,BB005,A+,RBC,4,2026-07-16,HOSP007
ISSUEB21020E0EB,BB005,A+,RBC,6,2026-02-28,HOSP001
ISSUE49C90116BA,BB005,A+,RBC,4,2026-05-31,HOSP003
ISSUEE19543F747,BB005,A+,RBC,2,2024-09-10,HOSP003
ISSUEA0C6047869,BB005,A+,RBC,3,2026-02-20,HOSP010
ISSUE20C4270AE2,BB005,A+,RBC,1,2026-02-12,HOSP005
ISSUE25A837EF9F,BB005,A+,RBC,1,2026-05-02,HOSP003
ISSUE47FCC37B02,BB005,A+,RBC,1,2026-05-11,HOSP002
ISSUE9B525C8BAB,BB005,A+,RBC,1,2023-08-13,HOSP009
ISSUE9B80228777,BB005,A+,RBC,2,2024-12-14,HOSP012
ISSUE06A2802A2D,BB005,A+,Plasma,4,2026-04-19,HOSP008
ISSUE9700D88957,BB005,A+,Plasma,5,2026-03-09,HOSP001
ISSUEAE48027E53,BB005,A+,Plasma,5,2026-05-13,HOSP007
ISSUE5EDB521DED,BB005,A+,Plasma,3,2025-05-29,HOSP011
ISSUE442A2929F4,BB005,A+,Plasma,4,2026-05-29,HOSP006
ISSUE05168B4944,BB005,A+,Plasma,3,2025-01-04,HOSP008
ISSUE64D25FB434,BB005,A+,Plasma,2,2026-02-22,HOSP012
ISSUE2453C11321,BB005,A+,Plasma,2,2026-02-06,HOSP012
ISSUE350FAC3D55,BB005,A+,Plasma,1,2025-09-19,HOSP005
ISSUE448586FCA6,BB005,A+,Platelets,3,2026-04-16,HOSP003
ISSUEAE0D643B6F,BB005,A+,Platelets,2,2026-07-19,HOSP005
ISSUE7F70314E61,BB005,A+,Platelets,2,2025-07-26,HOSP001
ISSUE6C024DDCD7,BB012,AB+,RBC,1,2025-09-24,HOSP011
ISSUEC4C89D4DB4,BB012,AB+,RBC,1,2025-11-02,HOSP007
ISSUED77E5ECCBB,BB012,AB+,RBC,1,2024-03-07,HOSP002
ISSUE9D7BDC89B8,BB012,AB+,RBC,1,2026-06-29,HOSP007
ISSUED8D18B3ED8,BB012,AB+,RBC,1,2024-06-29,HOSP002
ISSUEA1FBF315C6,BB012,AB+,Plasma,1,2025-09-25,HOSP001
ISSUE77C9FEFB51,BB012,AB+,Plasma,1,2026-02-26,HOSP008
ISSUE3CB0C8BE37,BB012,AB+,Plasma,1,2024-06-28,HOSP010
ISSUE7F58C6E391,BB002,A+,RBC,5,2024-03-24,HOSP002
ISSUEF18EC5DF9F,BB002,A+,RBC,6,2026-04-19,HOSP012
ISSUE0AEA7E3822,BB002,A+,RBC,2,2022-05-25,HOSP010
ISSUE84AA3D9D45,BB002,A+,RBC,3,2025-07-18,HOSP005
ISSUE1E2A5DACBE,BB002,A+,RBC,2,2023-02-19,HOSP010
ISSUE05D85FC2E7,BB002,A+,RBC,2,2026-01-05,HOSP007
ISSUE254BD78144,BB002,A+,RBC,2,2025-12-29,HOSP006
ISSUE7ABAFD05B2,BB002,A+,RBC,2,2025-11-02,HOSP002
ISSUEBCF77C7C77,BB002,A+,RBC,1,2025-03-14,HOSP007
ISSUE781A9CFC28,BB002,A+,RBC,2,2025-04-01,HOSP001
ISSUEE0A99E4022,BB002,A+,RBC,1,2023-12-11,HOSP006
ISSUECFDDECC9AE,BB002,A+,RBC,1,2025-01-18,HOSP009
ISSUE9A1F17254F,BB002,A+,RBC,1,2023-12-29,HOSP004
ISSUE59B3C4D1FA,BB002,A+,RBC,1,2025-04-15,HOSP008
ISSUE1D2D22E916,BB002,A+,RBC,1,2023-11-04,HOSP006
ISSUE10842DD328,BB002,A+,Plasma,7,2024-03-24,HOSP001
ISSUEA711743945,BB002,A+,Plasma,5,2026-01-06,HOSP006
ISSUEF0A14A725B,BB002,A+,Plasma,2,2025-09-18,HOSP001
ISSUE4ECFD9BDAF,BB002,A+,Plasma,2,2023-02-13,HOSP010
ISSUE8FFE4BCF74,BB002,A+,Plasma,2,2025-09-18,HOSP005
ISSUE9485CD3094,BB002,A+,Plasma,1,2025-11-02,HOSP005
ISSUE5D0BF256A1,BB002,A+,Plasma,2,2025-05-02,HOSP004
ISSUE652BC8A411,BB002,A+,Plasma,3,2026-05-13,HOSP009
ISSUE6B616553B6,BB002,A+,Plasma,2,2023-12-06,HOSP004
ISSUE7DE9DF7DFE,BB002,A+,Plasma,2,2023-02-07,HOSP004
ISSUE03F9187799,BB002,A+,Plasma,1,2025-01-23,HOSP003
ISSUEA868963167,BB002,A+,Plasma,2,2023-12-30,HOSP009
ISSUE518A242587,BB002,A+,Platelets,4,2023-02-19,HOSP011
ISSUE0E75E98C06,BB002,A+,Platelets,3,2025-03-11,HOSP008
ISSUE22048E0E78,BB002,A+,Platelets,3,2025-09-20,HOSP010
ISSUE172AB7E609,BB002,A+,Platelets,2,2025-11-02,HOSP004
ISSUE194F52FFF0,BB002,A+,Platelets,2,2024-03-28,HOSP006
ISSUEB128E9629F,BB002,A+,Platelets,1,2026-05-09,HOSP009
ISSUE994B69F9C5,BB007,O-,RBC,1,2022-02-02,HOSP008
ISSUE700C31188B,BB007,O-,RBC,1,2024-03-05,HOSP011
ISSUEC72EE48897,BB007,O-,RBC,1,2026-01-15,HOSP002
ISSUECA69300046,BB007,O-,RBC,1,2025-07-03,HOSP012
ISSUEC079BC5DF6,BB007,O-,RBC,2,2022-10-25,HOSP012
ISSUE405B47A5C9,BB007,O-,Plasma,1,2022-01-31,HOSP006
ISSUEFF9828A070,BB007,O-,Plasma,2,2024-03-05,HOSP003
ISSUEDF92998B63,BB007,O-,Plasma,1,2026-01-15,HOSP009
ISSUE3E862FA28E,BB020,O+,RBC,4,2024-03-11,HOSP004
ISSUE69893CEA41,BB020,O+,RBC,5,2025-08-21,HOSP003
ISSUE058C206D6C,BB020,O+,RBC,3,2025-10-13,HOSP007
ISSUE03323E4C01,BB020,O+,RBC,1,2026-05-30,HOSP001
ISSUE6AA7AECBAB,BB020,O+,RBC,2,2024-07-07,HOSP002
ISSUEA7174A3FA0,BB020,O+,RBC,2,2023-04-15,HOSP009
ISSUE48B791674E,BB020,O+,RBC,1,2026-08-07,HOSP007
ISSUE05E3D85945,BB020,O+,RBC,1,2025-10-16,HOSP001
ISSUEEF805F63E6,BB020,O+,Plasma,7,2024-03-15,HOSP007
ISSUE2268BBB978,BB020,O+,Plasma,4,2025-02-28,HOSP002
ISSUEF0EA548045,BB020,O+,Plasma,3,2021-07-29,HOSP012
ISSUEEA682DBBE9,BB020,O+,Plasma,5,2025-08-28,HOSP010
ISSUE56129F8281,BB020,O+,Plasma,2,2024-12-28,HOSP007
ISSUEE4C3013FC3,BB020,O+,Plasma,3,2023-11-28,HOSP008
ISSUE9CB84D90AE,BB020,O+,Plasma,1,2026-02-22,HOSP012
ISSUE0CB015F126,BB020,O+,Plasma,1,2023-06-05,HOSP010
ISSUE6EF9D44917,BB020,O+,Plasma,1,2026-07-25,HOSP003
ISSUE46CED4FE8D,BB020,O+,Plasma,2,2026-06-03,HOSP012
ISSUE902F82CAA7,BB020,O+,Plasma,1,2026-08-05,HOSP006
ISSUE489D1D82FD,BB020,O+,Plasma,1,2025-10-11,HOSP008
ISSUE4CCB54C595,BB013,B+,RBC,4,2026-05-17,HOSP007
ISSUED632B46CB6,BB013,B+,RBC,2,2025-10-05,HOSP012
ISSUE57625BA790,BB013,B+,RBC,3,2022-10-07,HOSP008
ISSUED794B3716C,BB013,B+,RBC,2,2025-02-02,HOSP003
ISSUE960353E7B2,BB013,B+,RBC,2,2024-10-21,HOSP003
ISSUEA1D9BF1D3A,BB013,B+,RBC,2,2024-08-24,HOSP009
ISSUE5267D8DF46,BB013,B+,Plasma,3,2026-04-25,HOSP001
ISSUE23A1B78F49,BB013,B+,Plasma,2,2025-05-18,HOSP004
ISSUEBC1A83A208,BB013,B+,Plasma,3,2025-02-02,HOSP006
ISSUEEBC366622D,BB013,B+,Plasma,2,2026-06-26,HOSP011
ISSUE9AB78B8719,BB013,B+,Plasma,2,2024-10-27,HOSP006
ISSUE0D327FCBAA,BB013,B+,Platelets,1,2025-05-16,HOSP003
ISSUE164419496F,BB013,B+,Platelets,1,2025-11-28,HOSP002
ISSUEAD2A609F30,BB013,B+,Platelets,1,2026-07-04,HOSP002
ISSUEB9FD6A74B2,BB013,B+,Platelets,1,2024-09-02,HOSP002
ISSUECC10E4E03D,BB015,A+,RBC,5,2023-02-11,HOSP011
ISSUE2EF126223E,BB015,A+,RBC,5,2023-12-08,HOSP012
ISSUE922A0CA9FA,BB015,A+,RBC,4,2026-03-10,HOSP010
ISSUEC29A75426A,BB015,A+,RBC,4,2024-11-20,HOSP002
ISSUEBDEDC376AE,BB015,A+,RBC,3,2025-04-26,HOSP004
ISSUEC6DDD9466F,BB015,A+,RBC,2,2026-06-06,HOSP012
ISSUEE25702FB78,BB015,A+,RBC,2,2022-05-26,HOSP001
ISSUEEAD7CB48FC,BB015,A+,RBC,1,2022-08-20,HOSP012
ISSUE32ABCC411B,BB015,A+,RBC,1,2026-03-15,HOSP011
ISSUEA735F6939D,BB015,A+,Plasma,6,2023-02-17,HOSP002
ISSUEA946F649AC,BB015,A+,Plasma,6,2026-03-31,HOSP003
ISSUE42F3C1F963,BB015,A+,Plasma,3,2022-06-08,HOSP008
ISSUEEB9DF70AFB,BB015,A+,Plasma,3,2026-06-17,HOSP005
ISSUEE05FD753A8,BB015,A+,Plasma,1,2025-05-12,HOSP006
ISSUEADE1039B78,BB015,A+,Plasma,2,2026-03-14,HOSP010
ISSUEF027B37F7A,BB015,A+,Plasma,1,2022-11-09,HOSP007
ISSUE08C3AECAB2,BB015,A+,Plasma,2,2025-04-25,HOSP003
ISSUE716EA868B6,BB015,A+,Plasma,2,2026-06-12,HOSP008
ISSUEB2A7C94680,BB015,A+,Plasma,1,2024-08-14,HOSP004
ISSUE2FF0462AD0,BB015,A+,Platelets,1,2026-03-19,HOSP001
ISSUEC935716752,BB015,A+,Platelets,4,2026-07-02,HOSP012
ISSUE37CEDFD976,BB015,A+,Platelets,3,2022-05-28,HOSP012
ISSUEEEA9E9C4D9,BB011,O+,RBC,3,2025-05-24,HOSP008
ISSUECC9AC05E4C,BB011,O+,RBC,4,2025-11-09,HOSP011
ISSUEDCBCE1F509,BB011,O+,RBC,4,2022-01-18,HOSP007
ISSUE80707004E3,BB011,O+,RBC,2,2024-08-05,HOSP007
ISSUE89217D1807,BB011,O+,RBC,3,2026-07-13,HOSP007
ISSUEC10B168817,BB011,O+,RBC,3,2023-02-17,HOSP006
ISSUE5CC40B4B76,BB011,O+,RBC,3,2022-07-31,HOSP001
ISSUEC0216049A5,BB011,O+,RBC,1,2026-07-18,HOSP006
ISSUE6DB47C9DE5,BB011,O+,RBC,1,2025-03-17,HOSP002
ISSUEC0593C6A43,BB011,O+,RBC,2,2025-07-03,HOSP004
ISSUE6F166D6761,BB011,O+,Plasma,2,2021-09-20,HOSP002
ISSUE469E9B7892,BB011,O+,Plasma,2,2024-10-23,HOSP004
ISSUE2FF9480DFE,BB011,O+,Plasma,3,2024-07-30,HOSP001
ISSUECB6C1329FB,BB011,O+,Plasma,3,2026-06-09,HOSP001
ISSUEDD4D7D48A8,BB011,O+,Plasma,3,2024-02-19,HOSP006
ISSUE4A9725C012,BB011,O+,Plasma,4,2023-02-13,HOSP004
ISSUE6D1B5E17DC,BB011,O+,Plasma,3,2022-09-28,HOSP003
ISSUE542E31D404,BB011,O+,Plasma,1,2025-05-06,HOSP012
ISSUE2719AF5F77,BB011,O+,Platelets,1,2024-10-23,HOSP006
ISSUE1E5312807D,BB011,O+,Platelets,2,2026-07-12,HOSP010
ISSUEB329D9C4E1,BB011,O+,Platelets,2,2025-05-01,HOSP009
ISSUEC0C7C2B8A3,BB019,A+,RBC,3,2026-06-02,HOSP011
ISSUE3D3F2274ED,BB019,A+,RBC,5,2025-09-15,HOSP011
ISSUE50B5DD2F81,BB019,A+,RBC,5,2026-07-10,HOSP005
ISSUE1261068C41,BB019,A+,RBC,4,2025-02-09,HOSP011
ISSUE80732CB346,BB019,A+,RBC,2,2026-05-03,HOSP008
ISSUE6BD1D1F83E,BB019,A+,RBC,1,2024-11-12,HOSP002
ISSUE89D110E2F8,BB019,A+,Plasma,2,2023-07-26,HOSP006
ISSUEA3F4BCCB51,BB019,A+,Plasma,4,2026-01-16,HOSP007
ISSUE45291C5059,BB019,A+,Plasma,4,2022-09-20,HOSP002
ISSUE30B48D45F7,BB019,A+,Plasma,4,2026-04-29,HOSP008
ISSUE3BAB66884F,BB019,A+,Plasma,1,2026-04-29,HOSP011
ISSUEFE30ED2699,BB019,A+,Plasma,4,2025-10-14,HOSP002
ISSUE9AFAE2E210,BB019,A+,Plasma,3,2023-10-24,HOSP004
ISSUE1E613B8929,BB019,A+,Plasma,2,2025-11-09,HOSP005
ISSUE44024FD3FD,BB008,A+,RBC,9,2026-06-20,HOSP007
ISSUE0A73BD760B,BB008,A+,RBC,6,2023-08-11,HOSP009
ISSUE436073A70B,BB008,A+,RBC,5,2024-11-10,HOSP001
ISSUE88EFB95552,BB008,A+,RBC,4,2024-07-13,HOSP001
ISSUEE1FF3BCCFA,BB008,A+,RBC,2,2025-10-29,HOSP007
ISSUE365ECA1DB1,BB008,A+,RBC,1,2026-06-17,HOSP008
ISSUE5159170BDC,BB008,A+,RBC,3,2024-03-23,HOSP010
ISSUE5811755FE6,BB008,A+,RBC,2,2026-06-24,HOSP005
ISSUEFD93714A9C,BB008,A+,RBC,1,2022-06-11,HOSP002
ISSUE062A694D1E,BB008,A+,RBC,1,2026-05-27,HOSP010
ISSUE72FA9AD131,BB008,A+,RBC,1,2022-11-04,HOSP008
ISSUE425D3CE9A3,BB008,A+,RBC,2,2025-05-30,HOSP009
ISSUE9C5C6F1185,BB008,A+,Plasma,8,2026-06-24,HOSP009
ISSUE1683301896,BB008,A+,Plasma,7,2026-04-20,HOSP002
ISSUE6E8ECB9C19,BB008,A+,Plasma,4,2023-11-14,HOSP006
ISSUEF7B06C24EA,BB008,A+,Plasma,4,2024-07-13,HOSP002
ISSUEDD76B36A7A,BB008,A+,Plasma,3,2025-10-28,HOSP006
ISSUE31143AED54,BB008,A+,Plasma,1,2025-09-16,HOSP009
ISSUE0B8DD308A8,BB008,A+,Plasma,3,2026-06-28,HOSP009
ISSUE57E4623030,BB008,A+,Plasma,2,2024-12-26,HOSP001
ISSUE055CFD164C,BB008,A+,Plasma,2,2026-06-12,HOSP004
ISSUE709AD1D7C2,BB008,A+,Plasma,1,2026-06-10,HOSP009
ISSUE777A5D466E,BB008,A+,Plasma,2,2026-05-23,HOSP012
ISSUE121740568B,BB008,A+,Plasma,2,2024-10-20,HOSP012
ISSUEBA79770903,BB008,A+,Plasma,1,2025-05-31,HOSP007
ISSUEF3969B3004,BB008,A+,Platelets,1,2023-08-12,HOSP002
ISSUE75A312ED4F,BB008,A+,Platelets,2,2026-07-30,HOSP006
ISSUEBCDA9A5E95,BB008,A+,Platelets,1,2024-07-10,HOSP004
ISSUEC4A4B1DAEB,BB008,A+,Platelets,3,2026-06-25,HOSP005
ISSUE897C68EC1D,BB008,A+,Platelets,2,2024-12-30,HOSP005
ISSUE32F32CEDEB,BB008,A+,Platelets,1,2022-10-03,HOSP012
ISSUE056D79D760,BB016,A-,RBC,1,2023-08-14,HOSP012
ISSUEC3529AACE4,BB016,A-,RBC,1,2025-06-23,HOSP005
ISSUEE510BDF57B,BB016,A-,Plasma,1,2023-08-23,HOSP008
ISSUE27D90CAC42,BB018,A-,RBC,1,2024-11-23,HOSP012
ISSUE38C5FADD62,BB018,A-,RBC,1,2022-07-12,HOSP006
ISSUE65569F2161,BB018,A-,RBC,1,2025-08-15,HOSP003
ISSUE217310BD98,BB018,A-,RBC,1,2025-03-01,HOSP008
ISSUECD302AF45E,BB018,A-,Plasma,1,2024-11-24,HOSP011
ISSUE4A6EEE9F19,BB018,A-,Plasma,1,2024-09-28,HOSP012
ISSUE7484800748,BB018,A-,Plasma,1,2025-03-05,HOSP001
ISSUE97A6329B33,BB002,O-,RBC,1,2024-12-31,HOSP003
ISSUE4936DFA369,BB002,O-,Plasma,1,2025-01-02,HOSP002
ISSUEEA721C6973,BB002,O-,Platelets,1,2025-01-06,HOSP010
ISSUEE0C1704673,BB005,AB+,Plasma,1,2025-01-12,HOSP006
ISSUE911DDF172B,BB005,AB+,Plasma,1,2026-03-05,HOSP003
ISSUE8A0DF6E81F,BB005,AB+,Plasma,1,2023-12-21,HOSP002
ISSUE11FEBD120A,BB020,O+,Platelets,2,2026-08-08,HOSP007
ISSUEE748DC616F,BB020,O+,Platelets,3,2023-11-30,HOSP008
ISSUE9CDC3354BB,BB020,O+,Platelets,2,2023-02-01,HOSP003
ISSUEF53F8EF417,BB020,O+,Platelets,3,2024-07-04,HOSP011
ISSUE3464361B78,BB001,B+,RBC,3,2025-09-10,HOSP012
ISSUED43571A756,BB001,B+,RBC,3,2023-04-26,HOSP003
ISSUEC6F2B151E6,BB001,B+,RBC,2,2026-01-10,HOSP010
ISSUE8E45BF0E0B,BB001,B+,RBC,2,2026-03-12,HOSP004
ISSUEF88CB0A36D,BB001,B+,RBC,2,2026-02-10,HOSP005
ISSUE2FD7CD5B27,BB001,B+,RBC,1,2023-10-04,HOSP009
ISSUE48B129B111,BB001,B+,RBC,1,2025-12-13,HOSP003
ISSUE5DB2666538,BB001,B+,RBC,1,2025-08-23,HOSP004
ISSUEC3745330FA,BB001,B+,RBC,1,2026-01-06,HOSP001
ISSUE65D7C58CC5,BB001,B+,Plasma,2,2023-05-01,HOSP009
ISSUE095A2B10F5,BB001,B+,Plasma,2,2024-03-30,HOSP005
ISSUE423CDF4D95,BB001,B+,Plasma,1,2026-01-05,HOSP001
ISSUED62ED3D079,BB001,B+,Plasma,1,2026-03-18,HOSP010
ISSUE2026088EDD,BB001,B+,Plasma,1,2023-09-01,HOSP005
ISSUE94BD15A76F,BB001,B+,Plasma,2,2025-12-09,HOSP006
ISSUECD6F5015B3,BB001,B+,Plasma,1,2026-01-07,HOSP007
ISSUEA4A736E5C0,BB001,B+,Plasma,1,2024-12-14,HOSP010
ISSUE38851D9834,BB001,B+,Plasma,2,2023-11-12,HOSP002
ISSUE06244B840D,BB014,O+,RBC,7,2024-02-29,HOSP004
ISSUE0D7963DB4D,BB014,O+,RBC,2,2024-10-09,HOSP009
ISSUE2C3DF2EC0F,BB014,O+,RBC,3,2026-05-19,HOSP009
ISSUED171607EC5,BB014,O+,RBC,4,2022-09-17,HOSP001
ISSUE173DA03CE5,BB014,O+,RBC,3,2022-06-04,HOSP007
ISSUE97FA48F34C,BB014,O+,RBC,1,2022-07-18,HOSP004
ISSUED3205F796A,BB014,O+,RBC,2,2025-12-28,HOSP012
ISSUE103A9FFE53,BB014,O+,RBC,1,2022-08-20,HOSP005
ISSUE6121FFDEB4,BB014,O+,RBC,1,2026-02-01,HOSP005
ISSUEC5169E7DB8,BB014,O+,RBC,2,2025-08-29,HOSP005
ISSUEFCA4738E0E,BB014,O+,Plasma,2,2024-09-13,HOSP006
ISSUE39147AF170,BB014,O+,Plasma,3,2025-07-25,HOSP003
ISSUE51147B7253,BB014,O+,Plasma,4,2026-04-28,HOSP001
ISSUE3FE44A7707,BB014,O+,Plasma,5,2025-10-16,HOSP009
ISSUE44599928BF,BB014,O+,Plasma,4,2026-02-14,HOSP005
ISSUE5F0272AC38,BB014,O+,Plasma,1,2022-09-24,HOSP005
ISSUE4E4B2C7011,BB014,O+,Plasma,1,2021-10-29,HOSP003
ISSUE8962DE1440,BB014,O+,Plasma,2,2025-12-29,HOSP012
ISSUEDAAE7455CE,BB014,O+,Plasma,1,2022-08-21,HOSP003
ISSUE74530E9F42,BB014,O+,Plasma,1,2025-08-26,HOSP008
ISSUE6D59486E0D,BB014,O+,Platelets,2,2024-03-01,HOSP001
ISSUE9792C4BFF5,BB014,O+,Platelets,3,2024-09-12,HOSP011
ISSUE078AE1CFC4,BB014,O+,Platelets,2,2022-12-12,HOSP011
ISSUE3FDBEC2D4A,BB014,O+,Platelets,2,2025-04-03,HOSP006
ISSUE96A6F5AC3C,BB014,O+,Platelets,2,2026-05-22,HOSP003
ISSUE71B0ED05B7,BB014,O+,Platelets,2,2025-11-28,HOSP011
ISSUE9DA7389EA6,BB014,O+,Platelets,1,2025-09-20,HOSP005
ISSUE16011D5798,BB014,O+,Platelets,1,2025-12-23,HOSP007
ISSUE8D79F8FFD3,BB014,O+,Platelets,1,2026-02-07,HOSP012
ISSUE525F5151CA,BB007,O+,RBC,2,2024-12-23,HOSP005
ISSUE69DDFDCC76,BB007,O+,RBC,5,2022-08-21,HOSP010
ISSUEE79F77F15F,BB007,O+,RBC,3,2026-06-01,HOSP003
ISSUE68ADDF745E,BB007,O+,RBC,2,2025-07-14,HOSP002
ISSUE94EF80C972,BB007,O+,RBC,3,2026-03-11,HOSP003
ISSUE66EA0E165B,BB007,O+,RBC,2,2026-04-16,HOSP008
ISSUE91612C684D,BB007,O+,RBC,1,2026-05-09,HOSP003
ISSUEB0031AC877,BB007,O+,RBC,1,2022-06-08,HOSP007
ISSUE416BD41177,BB007,O+,RBC,1,2025-07-10,HOSP009
ISSUE9A1E6B64A5,BB007,O+,Plasma,2,2025-08-30,HOSP001
ISSUE00FC6B1CD2,BB007,O+,Plasma,2,2026-03-11,HOSP006
ISSUEA21BDBC28B,BB007,O+,Plasma,2,2024-05-28,HOSP009
ISSUE1744FDFD0F,BB007,O+,Plasma,1,2026-05-11,HOSP003
ISSUEE591DC764F,BB007,O+,Plasma,2,2024-12-19,HOSP012
ISSUE47F1E899DC,BB007,O+,Plasma,2,2025-11-15,HOSP002
ISSUEA45FC2E11A,BB007,O+,Plasma,1,2024-09-15,HOSP003
ISSUE09E2C57A5A,BB013,A+,RBC,7,2026-07-22,HOSP005
ISSUE594B8DF32D,BB013,A+,RBC,3,2026-08-09,HOSP011
ISSUEB827A4807E,BB013,A+,RBC,6,2023-06-18,HOSP008
ISSUEA4947AEBBC,BB013,A+,RBC,4,2024-07-13,HOSP003
ISSUECC6D73E765,BB013,A+,RBC,5,2026-01-19,HOSP009
ISSUE98D4B2D806,BB013,A+,RBC,3,2025-10-13,HOSP011
ISSUEA5A8A995F5,BB013,A+,RBC,3,2026-04-30,HOSP004
ISSUE269B2BA1B7,BB013,A+,RBC,2,2025-02-19,HOSP006
ISSUE3B6458B9B2,BB013,A+,RBC,1,2025-09-16,HOSP004
ISSUE372927877A,BB013,A+,RBC,1,2023-10-19,HOSP001
ISSUE9363E1791A,BB013,A+,RBC,2,2023-06-18,HOSP010
ISSUE4A59AB1CE9,BB013,A+,RBC,2,2025-04-20,HOSP001
ISSUE9A1A882D48,BB013,A+,RBC,1,2025-12-30,HOSP006
ISSUE8F82019DBE,BB013,A+,RBC,1,2024-03-28,HOSP012
ISSUE6BC442288C,BB013,A+,RBC,1,2026-08-10,HOSP001
ISSUE0A14893E63,BB013,A+,RBC,1,2026-03-31,HOSP011
ISSUEE7F3E1E310,BB013,A+,RBC,1,2025-12-28,HOSP011
ISSUEF3F88E7FEF,BB013,A+,Plasma,5,2025-09-20,HOSP007
ISSUEDC477A0A3F,BB013,A+,Plasma,6,2026-03-14,HOSP003
ISSUE0589A15A88,BB013,A+,Plasma,3,2024-07-12,HOSP005
ISSUEC33789A474,BB013,A+,Plasma,4,2025-10-07,HOSP003
ISSUE54D2114561,BB013,A+,Plasma,3,2025-06-04,HOSP002
ISSUECEE83122CB,BB013,A+,Plasma,5,2024-07-01,HOSP011
ISSUE1E4833848F,BB002,O+,RBC,4,2023-02-19,HOSP011
ISSUEBE1E60A7D3,BB002,O+,RBC,3,2022-05-06,HOSP003
ISSUE08F2AFB735,BB002,O+,RBC,4,2023-11-25,HOSP006
ISSUE5D74CE4442,BB002,O+,RBC,4,2025-06-08,HOSP007
ISSUE6DFCDECFBC,BB002,O+,RBC,3,2022-06-03,HOSP008
ISSUE5B58DB75E6,BB002,O+,RBC,1,2024-04-08,HOSP003
ISSUE82FDA1978E,BB002,O+,RBC,2,2025-04-15,HOSP007
ISSUECCB665866C,BB002,O+,RBC,2,2024-08-26,HOSP011
ISSUEE5E44E11FB,BB002,O+,Plasma,2,2025-02-01,HOSP002
ISSUEBAAC8FEB0A,BB002,O+,Plasma,5,2022-11-02,HOSP009
ISSUEA780430359,BB002,O+,Plasma,2,2023-02-19,HOSP007
ISSUEEEB2019AD8,BB002,O+,Plasma,2,2024-08-26,HOSP007
ISSUE3C6F9FA5F8,BB002,O+,Plasma,3,2026-01-31,HOSP006
ISSUE07508A26CB,BB002,O+,Plasma,3,2023-09-03,HOSP003
ISSUE32590B3B77,BB002,O+,Plasma,1,2025-04-21,HOSP012
ISSUE172242E8C4,BB002,O+,Platelets,2,2022-10-29,HOSP009
ISSUE6D36339D02,BB002,O+,Platelets,3,2022-06-30,HOSP010
ISSUE33403090C3,BB002,O+,Platelets,2,2022-05-09,HOSP002
ISSUE2F7D5BAAFE,BB002,O+,Platelets,1,2023-10-28,HOSP006
ISSUEF458C792B8,BB006,O+,RBC,6,2024-07-15,HOSP002
ISSUEB735F4FBED,BB006,O+,RBC,4,2024-09-09,HOSP007
ISSUEE0EE032F2A,BB006,O+,RBC,3,2026-03-15,HOSP002
ISSUEAAAD84FC0E,BB006,O+,RBC,2,2023-03-25,HOSP011
ISSUE6359C6034F,BB006,O+,RBC,2,2026-06-18,HOSP007
ISSUE7BE8571D85,BB006,O+,RBC,1,2024-11-10,HOSP001
ISSUED822769249,BB006,O+,RBC,3,2022-11-23,HOSP004
ISSUEA5FD8C7FD1,BB006,O+,RBC,2,2023-01-26,HOSP010
ISSUE786EE82976,BB006,O+,Plasma,4,2025-11-15,HOSP002
ISSUE6DE9057CAA,BB006,O+,Plasma,5,2024-09-18,HOSP011
ISSUEC19D51EE20,BB006,O+,Plasma,1,2026-07-13,HOSP001
ISSUEB2BC1EAF9E,BB006,O+,Plasma,5,2026-07-03,HOSP002
ISSUEFCADC40A14,BB006,O+,Plasma,4,2024-05-09,HOSP011
ISSUE276ACF124C,BB006,O+,Plasma,1,2024-07-23,HOSP009
ISSUE67CA33AD27,BB006,O+,Plasma,2,2026-06-14,HOSP011
ISSUEFB2ADB1007,BB006,O+,Plasma,2,2025-12-10,HOSP002
ISSUE16CABE8414,BB006,O+,Plasma,1,2026-06-16,HOSP008
ISSUE5C94FDF62B,BB006,O+,Plasma,1,2025-08-27,HOSP011
ISSUE0E06F3F673,BB006,O+,Plasma,1,2023-01-27,HOSP003
ISSUEED3425813F,BB004,A-,RBC,2,2025-02-13,HOSP008
ISSUE3967C520E2,BB004,A-,RBC,2,2025-09-29,HOSP004
ISSUE82A2E64E46,BB004,A-,Plasma,1,2026-06-29,HOSP004
ISSUE603B72D58E,BB004,A-,Plasma,1,2024-09-13,HOSP003
ISSUE633408CFDD,BB004,A-,Plasma,1,2025-10-03,HOSP008
ISSUE729FC4614A,BB019,O+,RBC,3,2023-12-21,HOSP012
ISSUE6C58D18574,BB019,O+,RBC,3,2023-02-10,HOSP004
ISSUE09D233D89A,BB019,O+,RBC,5,2025-02-11,HOSP009
ISSUE9E41BC8327,BB019,O+,RBC,3,2025-08-14,HOSP003
ISSUE468C41D5DB,BB019,O+,RBC,2,2024-11-04,HOSP006
ISSUEFB09F6DD08,BB019,O+,RBC,3,2026-07-02,HOSP004
ISSUE619253D563,BB019,O+,Plasma,6,2025-11-07,HOSP011
ISSUE31FD4BCEA6,BB019,O+,Plasma,2,2025-11-15,HOSP001
ISSUE52C66404F9,BB019,O+,Plasma,3,2026-05-18,HOSP002
ISSUE0BCDDFC5B0,BB019,O+,Plasma,2,2023-07-06,HOSP011
ISSUE38B6C03561,BB019,O+,Plasma,1,2026-03-30,HOSP009
ISSUE3C93CBE6ED,BB019,O+,Plasma,1,2025-03-05,HOSP002
ISSUE4E85AA6473,BB019,O+,Plasma,3,2024-08-06,HOSP007
ISSUE38C070E6B1,BB019,O+,Plasma,3,2024-11-03,HOSP008
ISSUEF32DDA94B2,BB019,O+,Platelets,1,2026-01-29,HOSP001
ISSUE88B3BD1CD6,BB019,O+,Platelets,1,2025-11-11,HOSP006
ISSUE17B6398E6E,BB019,O+,Platelets,1,2024-08-01,HOSP005
ISSUE39929484B4,BB019,O+,Platelets,2,2025-05-22,HOSP007
ISSUE5A9B6811E1,BB002,AB+,RBC,1,2024-03-05,HOSP002
ISSUE3BC133AD99,BB002,AB+,Plasma,1,2025-12-22,HOSP008
ISSUE4712653AF6,BB002,AB+,Plasma,1,2024-09-18,HOSP005
ISSUE3CB66CC556,BB002,AB+,Platelets,1,2024-03-11,HOSP004
ISSUE9B725721D0,BB002,AB+,Platelets,1,2025-12-15,HOSP008
ISSUED6ADF73F77,BB013,O+,RBC,4,2024-09-03,HOSP007
ISSUE050F14B728,BB013,O+,RBC,5,2025-12-09,HOSP009
ISSUEE33FCCD1E5,BB013,O+,RBC,4,2024-06-11,HOSP011
ISSUEC3B3820BB3,BB013,O+,RBC,2,2026-06-06,HOSP008
ISSUEC7F40837FA,BB013,O+,RBC,1,2025-11-06,HOSP005
ISSUE595F48581F,BB013,O+,RBC,3,2024-08-17,HOSP012
ISSUEDF5CB0E4DE,BB013,O+,RBC,1,2025-10-19,HOSP001
ISSUEEAB0176563,BB013,O+,RBC,1,2025-04-26,HOSP007
ISSUE067650ED98,BB013,O+,RBC,1,2024-01-11,HOSP002
ISSUEF962FB222F,BB013,O+,RBC,1,2025-07-09,HOSP010
ISSUEEC7F00511A,BB013,O+,RBC,1,2026-04-04,HOSP002
ISSUEE9EB3723B5,BB013,O+,RBC,1,2026-07-01,HOSP004
ISSUE12DEEC46D1,BB013,O+,RBC,1,2025-08-26,HOSP012
ISSUE66CC512E34,BB013,O+,Plasma,4,2024-09-04,HOSP003
ISSUED207251A07,BB013,O+,Plasma,2,2025-04-24,HOSP009
ISSUEA2C077C010,BB013,O+,Plasma,2,2026-03-22,HOSP006
ISSUE34C92231D1,BB013,O+,Plasma,4,2025-10-16,HOSP003
ISSUEC4DB14DAD3,BB013,O+,Plasma,1,2024-01-05,HOSP001
ISSUE1626C55A19,BB013,O+,Plasma,3,2023-08-30,HOSP002
ISSUE51598AA138,BB013,O+,Plasma,1,2025-05-01,HOSP008
ISSUEAB81D6911F,BB003,A+,RBC,3,2025-05-26,HOSP001
ISSUE32B9AAB738,BB003,A+,RBC,1,2023-11-19,HOSP010
ISSUE4855940448,BB003,A+,RBC,1,2023-10-28,HOSP007
ISSUED7019E86C5,BB003,A+,Plasma,4,2025-05-04,HOSP007
ISSUEC85B4BC74D,BB003,A+,Plasma,1,2025-06-11,HOSP009
ISSUEDCA688B2E6,BB003,A+,Plasma,2,2026-05-10,HOSP011
ISSUEF5A9319D40,BB003,A+,Platelets,2,2024-05-28,HOSP005
ISSUEFCCC91C8B3,BB003,A+,Platelets,1,2025-09-17,HOSP001
ISSUE983C25354A,BB003,A+,Platelets,1,2025-05-14,HOSP007
ISSUE23B9B8F613,BB003,A+,Platelets,1,2025-05-20,HOSP005
ISSUE12113E995F,BB009,A-,RBC,2,2023-09-14,HOSP002
ISSUE51D6EC2610,BB009,A-,RBC,1,2025-05-29,HOSP011
ISSUE5FB36804C7,BB009,A-,RBC,2,2021-12-02,HOSP010
ISSUE8CD5CE625C,BB009,A-,RBC,1,2022-10-17,HOSP004
ISSUE54935EC610,BB009,A-,RBC,1,2022-01-03,HOSP010
ISSUE05F6491AF4,BB009,A-,Plasma,2,2026-06-29,HOSP009
ISSUE0EF8E69BF6,BB014,A+,RBC,2,2026-03-17,HOSP003
ISSUE3B5BEED694,BB014,A+,RBC,4,2024-12-30,HOSP006
ISSUE82771DC55A,BB014,A+,RBC,2,2024-09-10,HOSP011
ISSUE94FEF4AAA6,BB014,A+,RBC,2,2024-05-05,HOSP011
ISSUEA8C0CD5179,BB014,A+,RBC,3,2025-09-05,HOSP012
ISSUE4A56D1F211,BB014,A+,RBC,2,2026-05-19,HOSP008
ISSUE4B36F52B56,BB014,A+,Plasma,5,2026-03-15,HOSP001
ISSUEFF402FD5ED,BB014,A+,Plasma,2,2023-07-18,HOSP002
ISSUE8BC2AC17C1,BB014,A+,Plasma,3,2024-12-25,HOSP009
ISSUEC419A766AD,BB014,A+,Plasma,2,2024-09-05,HOSP008
ISSUEF747AA9C11,BB014,A+,Plasma,2,2026-04-30,HOSP010
ISSUEE194B3E8D4,BB014,A+,Plasma,1,2026-05-14,HOSP012
ISSUEC878F7199D,BB014,A+,Plasma,3,2024-01-08,HOSP008
ISSUE818B552FB2,BB014,A+,Plasma,2,2024-04-25,HOSP002
ISSUE44F3B17178,BB014,A+,Plasma,1,2026-05-21,HOSP010
ISSUE99FB40CD50,BB014,A+,Plasma,1,2023-09-09,HOSP006
ISSUE09ED98E2F8,BB008,O+,RBC,4,2024-02-06,HOSP009
ISSUE61082DB722,BB008,O+,RBC,4,2025-05-06,HOSP012
ISSUE9EE0D9A8D1,BB008,O+,RBC,6,2026-08-04,HOSP002
ISSUEBD0B03719C,BB008,O+,RBC,3,2026-01-20,HOSP010
ISSUEE59DF15D6E,BB008,O+,RBC,2,2026-04-26,HOSP011
ISSUE58D03F133E,BB008,O+,Plasma,6,2021-06-24,HOSP007
ISSUEFB77ED141C,BB008,O+,Plasma,3,2023-06-15,HOSP001
ISSUED7FA0CDBF0,BB008,O+,Plasma,3,2025-05-11,HOSP011
ISSUE04DD48ABD6,BB008,O+,Plasma,3,2024-08-28,HOSP011
ISSUE319E5648C8,BB008,O+,Plasma,3,2025-06-12,HOSP009
ISSUE884BFD1C72,BB008,O+,Plasma,4,2026-07-11,HOSP006
ISSUE7C77D7C8EC,BB008,O+,Plasma,3,2023-06-01,HOSP012
ISSUE0EA550E165,BB008,O+,Plasma,2,2023-05-19,HOSP011
ISSUE81DC86BEF7,BB008,O+,Plasma,1,2024-11-05,HOSP009
ISSUE5F3FEE9CD5,BB008,O+,Plasma,1,2026-02-25,HOSP009
ISSUE6B1D9797CE,BB008,O+,Plasma,2,2023-02-22,HOSP005
ISSUE6870A81949,BB008,O+,Platelets,1,2025-09-18,HOSP010
ISSUE1BBE5DF591,BB008,O+,Platelets,1,2026-08-09,HOSP012
ISSUE9E70DD4660,BB008,O+,Platelets,1,2024-07-16,HOSP007
ISSUEA03C70166F,BB008,O+,Platelets,1,2025-07-28,HOSP009
ISSUE4929491DEC,BB008,O+,Platelets,1,2023-08-31,HOSP010
ISSUE0404A2A09A,BB005,A-,RBC,1,2022-12-11,HOSP010
ISSUE20AA021AD9,BB005,A-,RBC,1,2025-10-31,HOSP003
ISSUEC3E36B812A,BB005,A-,RBC,1,2023-10-20,HOSP004
ISSUEEDD8C6CFF6,BB005,A-,Plasma,1,2022-10-20,HOSP001
ISSUE9CD3DD6A45,BB005,A-,Plasma,1,2022-12-19,HOSP011
ISSUE3AC276A6E4,BB005,A-,Plasma,1,2025-10-30,HOSP007
ISSUE4974529985,BB005,A-,Platelets,1,2022-10-18,HOSP006
ISSUEA2F4274AFB,BB005,A-,Platelets,1,2025-12-04,HOSP002
ISSUE085A6AFE33,BB005,A-,Platelets,1,2025-10-31,HOSP001
ISSUEFEA56927F4,BB005,A-,Platelets,1,2023-07-18,HOSP003
ISSUEB6318D1CD9,BB015,O-,RBC,1,2026-01-06,HOSP004
ISSUE296925CF63,BB015,O-,RBC,1,2026-04-10,HOSP009
ISSUEF83DD48BF6,BB015,O-,Plasma,1,2021-08-06,HOSP005
ISSUEE96D529E02,BB015,O-,Plasma,1,2025-07-25,HOSP001
ISSUED7296B360A,BB015,O-,Platelets,1,2021-08-03,HOSP009
ISSUE0F36D17070,BB015,O-,Platelets,1,2025-07-22,HOSP003
ISSUE14307E6FCB,BB018,AB+,RBC,1,2023-04-05,HOSP005
ISSUE6F2B96611F,BB018,AB+,RBC,1,2023-03-11,HOSP007
ISSUE1520EA50DA,BB018,AB+,Plasma,1,2024-12-24,HOSP011
ISSUE2D0846446E,BB018,AB+,Plasma,1,2026-07-16,HOSP006
ISSUEC96B1CD599,BB011,A+,RBC,4,2026-03-09,HOSP007
ISSUE059AC10C55,BB011,A+,RBC,5,2025-02-01,HOSP011
ISSUEDE983345B1,BB011,A+,RBC,3,2026-05-19,HOSP004
ISSUEA4D860E0B7,BB011,A+,RBC,1,2024-02-19,HOSP004
ISSUEE196B4A127,BB011,A+,RBC,1,2025-03-28,HOSP005
ISSUE3F1321887E,BB011,A+,RBC,3,2025-06-30,HOSP005
ISSUE795D05B50A,BB011,A+,Plasma,4,2023-11-22,HOSP002
ISSUE8C6AD6F06E,BB011,A+,Plasma,3,2025-06-09,HOSP005
ISSUE27B136BB7C,BB011,A+,Plasma,2,2025-01-28,HOSP010
ISSUE23537917D5,BB011,A+,Plasma,2,2024-03-25,HOSP009
ISSUE84BC16B006,BB011,A+,Plasma,3,2023-08-12,HOSP001
ISSUE821B2395EC,BB011,A+,Plasma,2,2024-04-24,HOSP001
ISSUE019E6C28F9,BB011,A+,Plasma,2,2025-06-23,HOSP002
ISSUEE7368DEEF0,BB011,A+,Plasma,2,2023-12-14,HOSP011
ISSUE322ABA2D1C,BB011,A+,Plasma,2,2025-03-27,HOSP006
ISSUE9FB1E91028,BB011,A+,Plasma,1,2022-08-16,HOSP001
ISSUE14246BDF98,BB011,A+,Plasma,1,2025-06-30,HOSP010
ISSUE61639C6E44,BB011,A+,Plasma,1,2024-12-08,HOSP012
ISSUE92DE16E6DA,BB011,A+,Plasma,1,2026-01-06,HOSP004
ISSUE6C0F22ADDF,BB018,O+,RBC,5,2026-02-07,HOSP010
ISSUEDB58C4D47E,BB018,O+,RBC,2,2025-03-26,HOSP004
ISSUE1FAD8220B0,BB018,O+,RBC,4,2026-07-12,HOSP002
ISSUEF0F8D9ED7C,BB018,O+,RBC,2,2025-10-17,HOSP007
ISSUED2CAFAF990,BB018,O+,Plasma,2,2026-06-05,HOSP007
ISSUE90C09EE98B,BB018,O+,Plasma,3,2025-09-21,HOSP009
ISSUE6A080A51E4,BB018,O+,Plasma,5,2026-07-07,HOSP001
ISSUEB68647C405,BB018,O+,Plasma,4,2024-09-26,HOSP007
ISSUED243AA4DBE,BB018,O+,Plasma,2,2025-01-02,HOSP010
ISSUE5E8C960998,BB018,O+,Plasma,3,2025-12-01,HOSP007
ISSUED558FBD79E,BB010,O-,RBC,1,2025-05-24,HOSP006
ISSUE1D2FEC08E4,BB010,O-,RBC,1,2022-03-17,HOSP010
ISSUE447832F3F2,BB010,O-,RBC,1,2024-10-18,HOSP001
ISSUE17642879F9,BB010,O-,Plasma,1,2024-09-04,HOSP003
ISSUE5B1E202BB7,BB020,B-,RBC,1,2022-03-10,HOSP006
ISSUED0F26E4EA7,BB020,B-,RBC,1,2024-09-14,HOSP004
ISSUEEABF99E30F,BB020,B-,RBC,1,2026-05-18,HOSP004
ISSUE471D54618B,BB020,B-,RBC,1,2025-03-26,HOSP009
ISSUE6903D81921,BB020,B-,Plasma,1,2024-09-18,HOSP004
ISSUEBBEB5AC39B,BB020,B-,Plasma,1,2026-05-12,HOSP010
ISSUE94A384486E,BB020,A+,RBC,2,2023-11-21,HOSP002
ISSUE2D34415CA1,BB020,A+,RBC,5,2023-07-25,HOSP012
ISSUE1C20CFF61A,BB020,A+,RBC,2,2023-07-02,HOSP009
ISSUE604B238D09,BB020,A+,RBC,3,2022-09-06,HOSP001
ISSUE0361BAB392,BB020,A+,RBC,2,2022-12-28,HOSP011
ISSUEE2547EEB52,BB020,A+,RBC,1,2025-06-29,HOSP004
ISSUE73B96FE64B,BB020,A+,RBC,1,2024-11-26,HOSP003
ISSUE2251774B51,BB020,A+,RBC,2,2026-05-14,HOSP012
ISSUEE6B3AA372D,BB020,A+,Plasma,4,2025-09-22,HOSP011
ISSUE27812A6AAA,BB020,A+,Plasma,4,2025-04-09,HOSP005
ISSUE3FF33A3BCB,BB020,A+,Plasma,1,2025-06-20,HOSP005
ISSUEA16197F5CD,BB020,A+,Plasma,1,2022-12-26,HOSP008
ISSUE36B0A76B25,BB020,A+,Plasma,2,2024-04-17,HOSP008
ISSUEDC6E17AD3F,BB020,A+,Plasma,1,2024-11-28,HOSP004
ISSUECFC39E8523,BB020,A+,Platelets,2,2023-11-19,HOSP008
ISSUE0AD8AE3182,BB020,A+,Platelets,1,2024-06-13,HOSP012
ISSUEE17F2E1A25,BB020,A+,Platelets,1,2025-09-25,HOSP010
ISSUEE0698F8EB5,BB020,A+,Platelets,2,2025-02-03,HOSP010
ISSUEC01FB41AAE,BB020,A+,Platelets,1,2023-07-09,HOSP012
ISSUE071290334A,BB020,A+,Platelets,1,2024-04-16,HOSP009
ISSUEB4D2D4DCD3,BB020,A+,Platelets,1,2025-06-23,HOSP004
ISSUE7AC52233F8,BB011,A-,RBC,2,2026-04-24,HOSP006
ISSUE77A8E54880,BB011,A-,RBC,1,2021-07-04,HOSP001
ISSUEF579A19C2E,BB011,A-,RBC,1,2023-11-10,HOSP004
ISSUE41B6DB8AF5,BB011,A-,RBC,1,2025-04-26,HOSP007
ISSUED0187A98F9,BB011,A-,Plasma,2,2026-02-14,HOSP002
ISSUECF617070C2,BB011,A-,Plasma,1,2023-11-21,HOSP003
ISSUEF921E64E4A,BB011,A-,Platelets,1,2023-11-13,HOSP005
ISSUE28824F4E40,BB018,B+,RBC,1,2025-11-11,HOSP007
ISSUE0969948616,BB018,B+,RBC,2,2025-09-12,HOSP012
ISSUE2AECDF591B,BB018,B+,Plasma,1,2025-11-13,HOSP008
ISSUE8FB24B09CD,BB018,B+,Plasma,1,2025-08-04,HOSP003
ISSUE11325B209D,BB018,B+,Plasma,1,2025-06-13,HOSP008
ISSUE63D891C922,BB018,B+,Plasma,1,2025-10-14,HOSP005
ISSUE8777EBBD0E,BB016,A+,RBC,3,2024-11-09,HOSP010
ISSUE736AF01884,BB016,A+,RBC,3,2023-08-08,HOSP008
ISSUEDCC76F06BA,BB016,A+,RBC,1,2024-12-02,HOSP012
ISSUE94D5799CE4,BB016,A+,RBC,2,2025-12-02,HOSP003
ISSUE2EDF941668,BB016,A+,RBC,1,2024-10-02,HOSP002
ISSUEB66605C384,BB016,A+,RBC,1,2026-05-06,HOSP012
ISSUE1A1F9BD9BC,BB016,A+,RBC,2,2026-03-10,HOSP012
ISSUE57C674D670,BB016,A+,Plasma,3,2024-12-07,HOSP010
ISSUEF65761755C,BB016,A+,Plasma,3,2026-05-25,HOSP012
ISSUE432F68EECA,BB016,A+,Plasma,1,2025-12-06,HOSP008
ISSUE08452DF6DD,BB016,A+,Plasma,1,2024-10-02,HOSP002
ISSUED524FBB51E,BB016,A+,Plasma,2,2025-09-05,HOSP010
ISSUEE28F93A872,BB016,A+,Plasma,2,2026-03-04,HOSP005
ISSUE70546CE10C,BB004,B+,RBC,2,2026-06-20,HOSP012
ISSUE3075ABE24E,BB004,B+,RBC,1,2025-10-28,HOSP009
ISSUE83B84A4E12,BB004,B+,RBC,3,2026-06-03,HOSP012
ISSUE2CCEB586EE,BB004,B+,RBC,3,2024-12-02,HOSP004
ISSUE1E1280E4AB,BB004,B+,RBC,1,2025-12-13,HOSP001
ISSUEC421079226,BB004,B+,RBC,2,2026-03-01,HOSP007
ISSUED3498DEF3B,BB004,B+,RBC,1,2025-08-16,HOSP004
ISSUEBD7FFDFBEF,BB004,B+,RBC,1,2026-06-27,HOSP002
ISSUEF5A4C759D7,BB004,B+,RBC,1,2026-03-19,HOSP005
ISSUEAE077F8B50,BB004,B+,Plasma,3,2026-05-26,HOSP007
ISSUEB0CF3E113E,BB004,B+,Plasma,3,2026-01-21,HOSP011
ISSUE03B3636B49,BB004,B+,Plasma,1,2026-02-26,HOSP012
ISSUE239A63E203,BB004,B+,Plasma,1,2025-09-16,HOSP006
ISSUE03AF6186A3,BB004,B+,Plasma,2,2026-03-21,HOSP007
ISSUE42F8BD288F,BB004,B+,Platelets,2,2025-10-19,HOSP001
ISSUE392E4F1670,BB007,A+,RBC,5,2025-09-28,HOSP012
ISSUE2FEA975F54,BB007,A+,RBC,5,2024-04-30,HOSP002
ISSUE467157532B,BB007,A+,RBC,4,2025-12-30,HOSP005
ISSUEFD3C5B6F1E,BB007,A+,RBC,3,2024-09-26,HOSP003
ISSUE0FDE406AF5,BB007,A+,RBC,1,2024-09-24,HOSP005
ISSUE3CE528417D,BB007,A+,RBC,2,2025-06-18,HOSP007
ISSUEABEB0D89ED,BB007,A+,RBC,2,2026-06-12,HOSP002
ISSUE5E3230081C,BB007,A+,Plasma,2,2023-10-14,HOSP002
ISSUEBC7A58A48F,BB007,A+,Plasma,4,2026-05-03,HOSP012
ISSUE972BD28EDF,BB007,A+,Plasma,3,2024-12-29,HOSP007
ISSUE85AC3420D1,BB007,A+,Plasma,2,2026-07-15,HOSP004
ISSUE6DB328EF7A,BB007,A+,Plasma,2,2026-05-12,HOSP008
ISSUEEFF8F4B783,BB007,A+,Plasma,2,2025-06-23,HOSP011
ISSUE2D58A2834E,BB007,A+,Plasma,2,2026-03-31,HOSP009
ISSUE8C1E464938,BB007,A+,Plasma,2,2024-01-06,HOSP009
ISSUE1004D4A7DE,BB003,AB+,RBC,1,2025-06-30,HOSP005
ISSUECDE5006EC2,BB003,AB+,RBC,1,2024-08-07,HOSP011
ISSUEE418A54556,BB003,AB+,RBC,1,2023-02-18,HOSP010
ISSUEDD693091B5,BB003,AB+,Plasma,1,2026-06-12,HOSP001
ISSUEF8F1174823,BB003,AB+,Plasma,1,2024-08-07,HOSP006
ISSUE4388023CC1,BB003,AB+,Plasma,1,2026-06-11,HOSP010
ISSUE9ABE97A50E,BB006,A+,RBC,4,2025-09-05,HOSP008
ISSUE21E3F76EF9,BB006,A+,RBC,5,2025-01-24,HOSP009
ISSUE9CB11CFBA8,BB006,A+,RBC,3,2025-09-19,HOSP001
ISSUE11F5CB7571,BB006,A+,RBC,4,2024-10-31,HOSP012
ISSUE4A47C2D05B,BB006,A+,RBC,3,2025-03-28,HOSP001
ISSUECA236F725A,BB006,A+,RBC,2,2024-06-10,HOSP003
ISSUE74CA1AA60F,BB006,A+,RBC,1,2023-02-03,HOSP002
ISSUE117B7D6602,BB006,A+,RBC,2,2023-12-28,HOSP006
ISSUED06CA00BD5,BB006,A+,RBC,1,2025-05-17,HOSP011
ISSUEC68289EDA1,BB006,A+,RBC,1,2025-03-12,HOSP008
ISSUEB6DF349B1F,BB006,A+,RBC,1,2026-04-19,HOSP006
ISSUE8979427156,BB006,A+,Plasma,2,2024-09-11,HOSP010
ISSUE59D13ABE3E,BB006,A+,Plasma,3,2025-09-05,HOSP001
ISSUE99FB0AD385,BB006,A+,Plasma,2,2024-10-30,HOSP005
ISSUE3BB12BEEDD,BB006,A+,Plasma,3,2024-05-07,HOSP005
ISSUEEACDF7E5BD,BB006,A+,Plasma,2,2026-06-07,HOSP007
ISSUEE6B40700AA,BB006,A+,Plasma,3,2023-02-02,HOSP007
ISSUE9E51F29F19,BB006,A+,Plasma,2,2024-12-29,HOSP011
ISSUEEA15AF5450,BB006,A+,Plasma,2,2025-03-09,HOSP002
ISSUEE233715482,BB006,A+,Plasma,3,2024-12-10,HOSP002
ISSUE56E94416EB,BB018,A+,RBC,7,2026-03-24,HOSP012
ISSUEA90810918E,BB018,A+,RBC,5,2025-11-30,HOSP008
ISSUEBE72926A88,BB018,A+,RBC,3,2024-02-20,HOSP001
ISSUE1FF305E4DB,BB018,A+,RBC,2,2026-01-05,HOSP006
ISSUE22D3086065,BB018,A+,RBC,3,2025-06-12,HOSP006
ISSUE27D32115DD,BB018,A+,RBC,2,2024-01-23,HOSP003
ISSUE844C6082A5,BB018,A+,RBC,2,2026-06-07,HOSP004
ISSUE029AC005BA,BB018,A+,RBC,1,2026-08-02,HOSP010
ISSUEC35D6A2CB5,BB018,A+,RBC,1,2023-06-15,HOSP001
ISSUEBBA16CA1F5,BB018,A+,RBC,2,2023-04-16,HOSP007
ISSUEDDB5D77367,BB018,A+,Plasma,7,2023-05-05,HOSP010
ISSUEC5295E957D,BB018,A+,Plasma,3,2026-03-19,HOSP008
ISSUEE56D32F89E,BB018,A+,Plasma,2,2026-07-25,HOSP011
ISSUE554C9E7AF2,BB018,A+,Plasma,2,2023-08-11,HOSP007
ISSUE46BD721F00,BB018,A+,Plasma,3,2025-11-25,HOSP011
ISSUE9F32C1047A,BB018,A+,Plasma,3,2026-01-01,HOSP004
ISSUEE2F9488041,BB018,A+,Plasma,3,2024-11-03,HOSP010
ISSUE06E8D0F65D,BB018,A+,Plasma,1,2026-05-14,HOSP008
ISSUEE6A2CC0C63,BB018,A+,Plasma,1,2026-06-22,HOSP001
ISSUE5A611237B1,BB018,A+,Plasma,2,2025-11-13,HOSP006
ISSUE4409161723,BB001,O-,RBC,1,2025-01-17,HOSP008
ISSUEE53A82A69B,BB001,O-,RBC,1,2023-01-20,HOSP007
ISSUE405BDCE002,BB001,O-,Plasma,1,2024-06-25,HOSP010
ISSUE8F9A57527E,BB001,O-,Plasma,1,2026-03-31,HOSP003
ISSUE8F99F430FD,BB019,B+,RBC,1,2024-07-15,HOSP011
ISSUE9E22AA1888,BB019,B+,RBC,1,2024-07-31,HOSP004
ISSUE6A62EC2652,BB019,B+,Plasma,1,2023-10-07,HOSP003
ISSUE91A8EA3731,BB019,B+,Plasma,1,2025-11-22,HOSP011
ISSUEA9253C3005,BB009,A+,RBC,5,2025-11-03,HOSP002
ISSUE178619CDFA,BB009,A+,RBC,2,2022-06-18,HOSP011
ISSUEB68E956309,BB009,A+,RBC,2,2025-06-30,HOSP010
ISSUED191B68E08,BB009,A+,RBC,5,2023-11-03,HOSP004
ISSUE1805549D2B,BB009,A+,RBC,1,2026-05-22,HOSP001
ISSUED80D877766,BB009,A+,RBC,3,2025-08-17,HOSP004
ISSUEFC0A2A9CF6,BB009,A+,RBC,4,2026-08-11,HOSP003
ISSUE773310DCC5,BB009,A+,RBC,2,2025-05-29,HOSP007
ISSUE87D0F95044,BB009,A+,RBC,3,2024-01-23,HOSP012
ISSUE39523D5356,BB009,A+,Plasma,7,2025-10-20,HOSP012
ISSUEEC61851FF2,BB009,A+,Plasma,5,2021-03-22,HOSP010
ISSUEEF28A64EE9,BB009,A+,Plasma,4,2023-11-04,HOSP003
ISSUE20E1A62BEF,BB009,A+,Plasma,3,2026-04-04,HOSP002
ISSUE1CC183A731,BB009,A+,Plasma,2,2025-10-28,HOSP008
ISSUEC7E60A6A26,BB009,A+,Plasma,3,2026-08-02,HOSP003
ISSUED15B7D716C,BB009,A+,Plasma,2,2025-05-31,HOSP012
ISSUE7C123A5783,BB009,A+,Plasma,1,2026-01-18,HOSP008
ISSUE51A487BC23,BB009,A+,Plasma,1,2024-01-19,HOSP005
ISSUE0E59AC8D55,BB009,A+,Plasma,1,2026-07-31,HOSP003
ISSUE07483E30AC,BB009,A+,Plasma,1,2024-09-10,HOSP009
ISSUE5C0D27A9A3,BB009,A+,Plasma,1,2024-05-05,HOSP010
ISSUE9D89C8025E,BB009,A+,Platelets,2,2026-01-17,HOSP004
ISSUE1F7695951B,BB009,A+,Platelets,2,2024-05-03,HOSP008
ISSUEE13C0F7477,BB010,AB-,Plasma,1,2025-04-07,HOSP012
ISSUE5D2476932D,BB010,A+,RBC,2,2025-08-05,HOSP005
ISSUE04E5697FBB,BB010,A+,RBC,2,2024-03-19,HOSP009
ISSUE28A5F96B04,BB010,A+,RBC,2,2026-06-06,HOSP011
ISSUE24D86A47AB,BB010,A+,RBC,1,2023-08-20,HOSP005
ISSUE129AC8A08D,BB010,A+,RBC,2,2026-05-19,HOSP003
ISSUE6ABC93FC5C,BB010,A+,RBC,1,2022-10-26,HOSP010
ISSUE628D3603C9,BB010,A+,RBC,1,2026-07-17,HOSP011
ISSUEDF5F4FFDA2,BB010,A+,Plasma,1,2026-05-03,HOSP008
ISSUE013363940F,BB010,A+,Plasma,3,2026-01-03,HOSP002
ISSUEDBE5CF535D,BB010,A+,Plasma,2,2022-06-21,HOSP008
ISSUEEEF23B84EE,BB010,A+,Plasma,2,2026-07-25,HOSP011
ISSUEE6DB641F7A,BB010,A+,Plasma,2,2026-05-22,HOSP009
ISSUE4E7777E821,BB010,A+,Plasma,1,2026-05-02,HOSP003
ISSUE70C564050C,BB016,O-,RBC,1,2024-07-16,HOSP011
ISSUE3700869D31,BB016,O-,RBC,2,2025-12-12,HOSP004
ISSUEBAA6EE4361,BB016,O-,RBC,1,2024-05-19,HOSP011
ISSUEBCC772A82E,BB016,O-,Plasma,1,2022-05-14,HOSP007
ISSUE7BE61F68DD,BB016,O-,Plasma,1,2024-07-11,HOSP009
ISSUED39F5FE901,BB016,O-,Platelets,1,2022-12-09,HOSP005
ISSUEB39EF54F9D,BB016,O-,Platelets,1,2024-07-14,HOSP006
ISSUE6085D33824,BB008,O-,Plasma,1,2024-09-02,HOSP012
ISSUE802367E96B,BB008,O-,Plasma,1,2024-10-30,HOSP006
ISSUE6B317B28AE,BB018,AB-,RBC,1,2024-07-30,HOSP006
ISSUEA6E0522B8B,BB014,B-,RBC,2,2024-06-08,HOSP001
ISSUE1B83838CB2,BB014,B-,RBC,1,2021-09-20,HOSP005
ISSUEE14D5135C6,BB014,B-,RBC,1,2024-11-18,HOSP012
ISSUE5C33DA2C0D,BB014,B-,Plasma,2,2026-04-09,HOSP010
ISSUE2C3C62137C,BB014,B-,Plasma,1,2026-04-30,HOSP009
ISSUE04702E508B,BB014,B-,Plasma,2,2024-05-31,HOSP012
ISSUEA36951B493,BB020,A-,RBC,1,2026-01-13,HOSP008
ISSUE7FB14FD2ED,BB020,A-,RBC,1,2025-10-22,HOSP012
ISSUE517F156726,BB020,A-,RBC,1,2025-11-15,HOSP008
ISSUEBC42594857,BB020,A-,Plasma,1,2025-11-15,HOSP009
ISSUE7A8FB219C0,BB020,A-,Platelets,1,2026-01-13,HOSP012
ISSUE94D413833A,BB020,A-,Platelets,1,2025-11-17,HOSP009
ISSUEEF6E6A5686,BB005,O+,RBC,6,2025-06-13,HOSP007
ISSUEC02F4290D0,BB005,O+,RBC,3,2026-01-10,HOSP009
ISSUEF9A2EF1598,BB005,O+,RBC,3,2024-09-12,HOSP010
ISSUE47E6DC4105,BB005,O+,RBC,3,2025-09-01,HOSP005
ISSUE0D52A4857C,BB005,O+,RBC,3,2026-02-12,HOSP004
ISSUEB820534488,BB005,O+,RBC,2,2025-02-26,HOSP003
ISSUE556EA37833,BB005,O+,RBC,2,2026-03-03,HOSP002
ISSUEAF9BF94D7D,BB005,O+,RBC,2,2023-05-08,HOSP004
ISSUE6A5A694744,BB005,O+,RBC,2,2023-12-03,HOSP001
ISSUE7A27E1351B,BB005,O+,Plasma,5,2026-04-03,HOSP002
ISSUE62C83089AB,BB005,O+,Plasma,2,2025-08-30,HOSP008
ISSUEDF437622B5,BB005,O+,Plasma,3,2026-02-08,HOSP002
ISSUE0D9DBC6347,BB005,O+,Plasma,5,2025-03-02,HOSP007
ISSUE0B943B51D9,BB005,O+,Plasma,3,2026-04-14,HOSP011
ISSUE115F875024,BB005,O+,Plasma,4,2023-05-11,HOSP001
ISSUEF08DF51931,BB005,O+,Plasma,3,2023-12-02,HOSP003
ISSUE2013A0303E,BB005,O+,Plasma,1,2025-12-04,HOSP008
ISSUE3FDB10056A,BB005,O+,Platelets,3,2022-10-04,HOSP007
ISSUE4B8A818B84,BB005,O+,Platelets,4,2024-03-05,HOSP012
ISSUE668679BDCA,BB005,O+,Platelets,2,2025-08-30,HOSP011
ISSUED59351C3CD,BB005,O+,Platelets,1,2025-03-17,HOSP008
ISSUE5FC3F11172,BB005,O+,Platelets,2,2025-03-02,HOSP012
ISSUED83167A249,BB005,O+,Platelets,1,2023-05-05,HOSP004
ISSUE6974511D7B,BB005,O+,Platelets,1,2023-12-07,HOSP007
ISSUE990021F15E,BB005,O+,Platelets,2,2021-07-23,HOSP001
ISSUE0E82E55B5C,BB016,A+,Platelets,1,2026-05-28,HOSP010
ISSUEFB60E87818,BB016,A+,Platelets,1,2025-04-19,HOSP010
ISSUEB5A8BA06F0,BB016,A+,Platelets,1,2026-04-30,HOSP003
ISSUE3D212AB6A8,BB015,B-,RBC,1,2026-05-17,HOSP005
ISSUED324333AD4,BB015,B-,RBC,1,2025-08-24,HOSP011
ISSUE1D09F2138A,BB015,B-,Plasma,1,2024-06-05,HOSP006
ISSUEB9492BE8EB,BB009,B+,RBC,4,2023-04-18,HOSP004
ISSUEC1AAFBB888,BB009,B+,RBC,4,2026-01-04,HOSP004
ISSUEA2882AAE83,BB009,B+,RBC,3,2026-04-07,HOSP006
ISSUEB5AF30FD0F,BB009,B+,RBC,1,2024-09-10,HOSP005
ISSUEF6FA38A4D5,BB009,B+,RBC,2,2024-08-29,HOSP008
ISSUEDFE773217B,BB009,B+,RBC,1,2026-07-26,HOSP006
ISSUEB2F242C068,BB009,B+,RBC,1,2022-08-10,HOSP004
ISSUE0356E053C3,BB009,B+,RBC,2,2025-06-21,HOSP003
ISSUE716BBDC475,BB009,B+,Plasma,2,2023-04-20,HOSP011
ISSUEE2627D194B,BB009,B+,Plasma,3,2026-01-09,HOSP003
ISSUEA6AE83D54C,BB009,B+,Plasma,3,2023-12-06,HOSP004
ISSUE3F23B0D3B3,BB009,B+,Plasma,3,2024-12-01,HOSP010
ISSUE27F134603D,BB009,B+,Plasma,3,2026-05-08,HOSP007
ISSUE0511A8F3A4,BB009,B+,Plasma,1,2025-09-17,HOSP005
ISSUED1F470E173,BB009,B+,Plasma,2,2023-10-04,HOSP002
ISSUEE4E198EDF9,BB009,B+,Plasma,2,2026-04-17,HOSP004
ISSUE79A02802B9,BB009,B+,Plasma,1,2025-07-23,HOSP004
ISSUEFC3914877A,BB009,B+,Platelets,1,2026-01-08,HOSP007
ISSUECA2CB4D31A,BB009,B+,Platelets,1,2025-03-24,HOSP005
ISSUE227A43777A,BB004,O+,RBC,2,2025-12-08,HOSP002
ISSUE85BF1EDFDD,BB004,O+,RBC,4,2025-07-03,HOSP001
ISSUE77142719A6,BB004,O+,RBC,2,2022-02-15,HOSP003
ISSUE9B8A463849,BB004,O+,RBC,1,2026-07-04,HOSP012
ISSUE3803A467A0,BB004,O+,RBC,3,2024-05-07,HOSP007
ISSUE69F4ED0913,BB004,O+,RBC,3,2026-04-16,HOSP011
ISSUE1EB52C677B,BB004,O+,RBC,2,2023-11-13,HOSP008
ISSUEE06A25A3ED,BB004,O+,RBC,1,2026-03-19,HOSP010
ISSUECFE271F332,BB004,O+,Plasma,3,2026-06-15,HOSP011
ISSUE994CB8AD93,BB004,O+,Plasma,4,2026-05-18,HOSP010
ISSUE977BB4549A,BB004,O+,Plasma,1,2026-06-09,HOSP011
ISSUE8B2D8E0185,BB004,O+,Plasma,3,2023-10-17,HOSP012
ISSUE7FB2F610DC,BB004,O+,Platelets,1,2026-05-09,HOSP012
ISSUE6FA162066D,BB004,O+,Platelets,2,2024-05-08,HOSP009
ISSUEDBE5462BBC,BB004,O+,Platelets,2,2026-06-07,HOSP006
ISSUE16E3638929,BB001,O+,RBC,2,2023-12-13,HOSP012
ISSUE488B8F07D3,BB001,O+,RBC,3,2026-02-20,HOSP008
ISSUE8FF07F5383,BB001,O+,RBC,3,2024-04-15,HOSP002
ISSUEBEF61CF4E3,BB001,O+,RBC,4,2026-03-18,HOSP009
ISSUE07880850D1,BB001,O+,RBC,3,2024-08-06,HOSP004
ISSUE6DDA37A3AB,BB001,O+,RBC,2,2026-08-09,HOSP007
ISSUE551210210A,BB001,O+,Plasma,4,2025-12-18,HOSP001
ISSUEDE0894D824,BB001,O+,Plasma,2,2023-12-13,HOSP004
ISSUE4D93B2FBCB,BB001,O+,Plasma,2,2025-06-06,HOSP001
ISSUE0594B9ED1F,BB001,O+,Plasma,3,2026-06-26,HOSP004
ISSUE2EAC8E91B5,BB003,O+,RBC,5,2025-12-22,HOSP010
ISSUE006A240967,BB003,O+,RBC,2,2025-02-10,HOSP006
ISSUEB0B982154F,BB003,O+,RBC,3,2026-07-27,HOSP001
ISSUED4083105E6,BB003,O+,RBC,1,2025-05-31,HOSP008
ISSUEE11FD793C6,BB003,O+,RBC,2,2026-07-30,HOSP012
ISSUEEDA6A8AFB9,BB003,O+,RBC,2,2023-12-08,HOSP012
ISSUECD7DF5F1E8,BB003,O+,RBC,1,2022-03-19,HOSP008
ISSUEABAE4613F8,BB003,O+,RBC,2,2023-06-24,HOSP009
ISSUE063A27E53C,BB003,O+,RBC,2,2025-09-13,HOSP002
ISSUEDC24D82D32,BB003,O+,Plasma,5,2025-12-05,HOSP003
ISSUE65926700B6,BB003,O+,Plasma,2,2024-02-22,HOSP007
ISSUE22B5CAE55D,BB003,O+,Plasma,2,2026-07-30,HOSP005
ISSUEB2D05E4309,BB003,O+,Plasma,2,2025-02-12,HOSP006
ISSUE6CBF1FEEC5,BB003,O+,Plasma,3,2025-06-13,HOSP009
ISSUEB2B2FBB8BE,BB003,O+,Plasma,1,2026-05-30,HOSP006
ISSUEA94DB11DB3,BB003,O+,Plasma,1,2023-06-29,HOSP006
ISSUE024FB798F3,BB003,O+,Plasma,2,2026-02-18,HOSP002
ISSUECEE21C34FE,BB003,O+,Plasma,2,2025-09-10,HOSP010
ISSUEE72ABB82E0,BB013,AB+,Plasma,3,2023-01-11,HOSP002
ISSUE6540DA8EEA,BB013,AB+,Plasma,1,2025-12-20,HOSP002
ISSUE64D1ACD7EA,BB003,O+,Platelets,1,2025-12-04,HOSP004
ISSUE94876C912A,BB003,O+,Platelets,1,2026-06-05,HOSP007
ISSUE8C02569457,BB003,O+,Platelets,2,2025-05-12,HOSP011
ISSUEB2D62DFBB4,BB003,O+,Platelets,1,2025-02-13,HOSP010
ISSUE0B22285E7B,BB001,A+,RBC,2,2025-02-25,HOSP004
ISSUEF633EEDAA2,BB001,A+,RBC,3,2026-07-26,HOSP006
ISSUE87746CD2DE,BB001,A+,RBC,3,2025-08-01,HOSP012
ISSUE5409AABD93,BB001,A+,RBC,1,2024-09-18,HOSP010
ISSUE395D6B4E11,BB001,A+,RBC,2,2025-09-23,HOSP009
ISSUEB0B4883DE0,BB001,A+,Plasma,1,2026-06-07,HOSP003
ISSUE28406D53ED,BB001,A+,Plasma,3,2025-08-05,HOSP010
ISSUEBCFC46310D,BB001,A+,Plasma,2,2026-08-01,HOSP012
ISSUE26EBA5A6E3,BB001,A+,Plasma,3,2025-10-30,HOSP006
ISSUE2C133DC0FB,BB001,A+,Plasma,2,2025-09-20,HOSP010
ISSUEBBF41EA762,BB001,A+,Plasma,1,2024-04-14,HOSP001
ISSUEB6E6A310D3,BB001,A+,Plasma,2,2025-05-17,HOSP008
ISSUE7D5E2E0C4D,BB001,A+,Plasma,1,2022-05-11,HOSP008
ISSUE606723940D,BB012,O+,RBC,2,2021-12-04,HOSP008
ISSUE8072E16C3B,BB012,O+,RBC,5,2025-11-09,HOSP012
ISSUE0AD5A470B3,BB012,O+,RBC,2,2021-08-30,HOSP002
ISSUE68655B7119,BB012,O+,RBC,3,2025-12-15,HOSP008
ISSUE56F6A027EC,BB012,O+,RBC,1,2026-06-18,HOSP004
ISSUE25DAB2E6AD,BB012,O+,RBC,1,2026-02-01,HOSP010
ISSUE6064F183FD,BB012,O+,RBC,3,2025-10-16,HOSP006
ISSUE8E89B3BCF8,BB012,O+,RBC,1,2024-08-02,HOSP011
ISSUEBCC6297C33,BB012,O+,Plasma,3,2025-06-07,HOSP012
ISSUE5EA7B57BC4,BB012,O+,Plasma,4,2023-10-22,HOSP005
ISSUE8139209A78,BB012,O+,Plasma,1,2025-12-19,HOSP011
ISSUE3171B6CED2,BB012,O+,Plasma,3,2026-06-13,HOSP006
ISSUE8ABEB18C6D,BB012,O+,Plasma,3,2026-07-17,HOSP001
ISSUE54A790257F,BB012,O+,Plasma,2,2025-09-04,HOSP001
ISSUE59343FA2D3,BB012,O+,Plasma,2,2026-04-05,HOSP011
ISSUEA1C986D178,BB012,O+,Plasma,1,2023-05-25,HOSP006
ISSUEF1F50E1512,BB012,O+,Platelets,3,2021-08-25,HOSP003
ISSUE825EA98D20,BB012,O+,Platelets,1,2026-06-15,HOSP008
ISSUEB476756FBC,BB012,O+,Platelets,1,2025-09-06,HOSP007
ISSUEE27232B127,BB019,O-,RBC,1,2024-06-24,HOSP009
ISSUED753EEA8F6,BB019,O-,RBC,1,2026-02-05,HOSP012
ISSUE8ECF0D09E5,BB019,O-,Platelets,1,2026-07-22,HOSP009
ISSUE4FF6CBE1EE,BB017,A-,RBC,1,2023-11-08,HOSP004
ISSUED73058EBE3,BB017,A-,RBC,1,2026-08-02,HOSP007
ISSUE23F1099B0F,BB017,A-,Plasma,1,2023-11-02,HOSP011
ISSUEC7E939BA51,BB005,AB+,Platelets,1,2026-04-17,HOSP012
ISSUE71FDB27C8B,BB015,B+,RBC,2,2026-02-07,HOSP011
ISSUEA6E98A0EE7,BB015,B+,RBC,1,2026-07-04,HOSP001
ISSUEBAADBDFAAB,BB015,B+,RBC,1,2026-01-01,HOSP003
ISSUE38243308B1,BB015,B+,RBC,2,2026-04-07,HOSP003
ISSUE889D87D506,BB015,B+,Plasma,3,2024-11-05,HOSP012
ISSUEA6CF63B39C,BB015,B+,Plasma,2,2023-11-23,HOSP003
ISSUE1B0933D67A,BB015,B+,Plasma,2,2026-06-07,HOSP008
ISSUE056B00FA49,BB015,B+,Plasma,2,2026-06-01,HOSP010
ISSUE815F370E16,BB015,B+,Plasma,2,2024-07-01,HOSP010
ISSUE3436EE9AFA,BB015,B+,Plasma,1,2026-03-05,HOSP002
ISSUEB5C03D9C95,BB017,B+,RBC,5,2026-06-06,HOSP006
ISSUEE61ADB422B,BB017,B+,RBC,2,2025-01-13,HOSP009
ISSUE457BB4631C,BB017,B+,RBC,1,2026-08-01,HOSP004
ISSUE1006D013E6,BB017,B+,RBC,3,2026-02-05,HOSP006
ISSUE7168093BF2,BB017,B+,RBC,1,2024-10-12,HOSP010
ISSUEC9DB7DBA08,BB017,B+,Plasma,4,2026-05-17,HOSP006
ISSUE9D4705CC7C,BB017,B+,Plasma,4,2025-09-24,HOSP009
ISSUEAC5E988AA6,BB017,B+,Plasma,4,2023-12-19,HOSP011
ISSUE01EF9819B8,BB017,B+,Plasma,3,2025-09-03,HOSP001
ISSUEFEC087286A,BB017,B+,Plasma,1,2025-11-10,HOSP003
ISSUE13D5922AC0,BB017,B+,Plasma,2,2023-04-16,HOSP001
ISSUE9A0C70A821,BB017,B+,Plasma,1,2025-10-04,HOSP006
ISSUE4894549915,BB017,B+,Plasma,1,2024-10-05,HOSP012
ISSUE9BA1B22CDA,BB017,B+,Plasma,1,2026-04-02,HOSP011
ISSUEA3B7A5DA0B,BB017,B+,Plasma,1,2025-09-09,HOSP011
ISSUEF61A5C4DA1,BB009,O+,RBC,5,2022-06-11,HOSP003
ISSUE3EB3EDA761,BB009,O+,RBC,3,2021-08-26,HOSP009
ISSUE4FA76E1E66,BB009,O+,RBC,5,2025-07-21,HOSP004
ISSUE177C874ACC,BB009,O+,RBC,2,2023-07-24,HOSP006
ISSUE5913B30165,BB009,O+,RBC,2,2026-04-22,HOSP003
ISSUEE88BD422B9,BB009,O+,RBC,4,2024-10-09,HOSP001
ISSUEEDE0759EBE,BB009,O+,RBC,1,2025-12-02,HOSP012
ISSUEEFE8846ABB,BB009,O+,RBC,2,2026-03-11,HOSP010
ISSUE532250ACAC,BB009,O+,RBC,2,2026-06-28,HOSP008
ISSUE9A398C7C90,BB009,O+,RBC,1,2025-09-20,HOSP012
ISSUEBCDB08B24E,BB009,O+,RBC,1,2026-06-22,HOSP008
ISSUE0EEA4D4E6C,BB009,O+,Plasma,4,2021-07-14,HOSP001
ISSUEE465FE0168,BB009,O+,Plasma,4,2025-09-28,HOSP001
ISSUE1BB78705D4,BB009,O+,Plasma,2,2021-08-25,HOSP001
ISSUE2F3B945F91,BB009,O+,Plasma,2,2024-02-23,HOSP008
ISSUE6E7E62ECD0,BB009,O+,Plasma,2,2026-07-05,HOSP004
ISSUE2800A382D0,BB009,O+,Plasma,2,2026-06-04,HOSP002
ISSUEB322D96DD2,BB009,O+,Plasma,4,2026-04-26,HOSP004
ISSUECBCF960EB5,BB009,O+,Plasma,2,2024-10-08,HOSP006
ISSUE331F8D35AB,BB009,O+,Plasma,2,2026-03-08,HOSP006
ISSUE4ED2DA79A9,BB009,O+,Plasma,3,2024-01-26,HOSP002
ISSUE115DDB12B2,BB009,O+,Plasma,2,2025-09-18,HOSP006
ISSUEB134581561,BB009,O+,Plasma,1,2024-03-21,HOSP006
ISSUEA5AF0D9EF8,BB009,O+,Plasma,1,2025-04-23,HOSP010
ISSUE2C2F471039,BB009,O+,Platelets,4,2022-06-07,HOSP008
ISSUED29A484770,BB009,O+,Platelets,4,2025-09-28,HOSP002
ISSUE19F8DF10D3,BB009,O+,Platelets,3,2022-04-04,HOSP005
ISSUE90130B2D0D,BB009,O+,Platelets,2,2025-02-06,HOSP001
ISSUEB70EBB712A,BB009,O+,Platelets,3,2024-10-08,HOSP008
ISSUE5605A18B66,BB009,O+,Platelets,3,2025-11-28,HOSP010
ISSUE6B40D8EA68,BB009,O+,Platelets,2,2026-03-06,HOSP004
ISSUEC9D42922E5,BB009,O+,Platelets,1,2026-06-29,HOSP001
ISSUE94EAF7B08F,BB009,O+,Platelets,1,2025-09-17,HOSP011
ISSUE2D46E84C84,BB019,A+,Platelets,3,2025-09-20,HOSP002
ISSUECDB16E7FA7,BB019,A+,Platelets,2,2026-05-04,HOSP003
ISSUE600CA29937,BB019,A+,Platelets,1,2026-04-25,HOSP006
ISSUEC1CDB932A0,BB019,A+,Platelets,1,2026-03-31,HOSP011
ISSUE0F52C63A9F,BB019,A+,Platelets,1,2026-07-12,HOSP001
ISSUEBD2D89BDD9,BB019,A+,Platelets,1,2023-04-19,HOSP009
ISSUEAB8DD8182A,BB019,A+,Platelets,2,2023-10-22,HOSP003
ISSUE1731CB5C7F,BB017,A+,RBC,4,2026-04-27,HOSP006
ISSUE46835E416A,BB017,A+,RBC,2,2022-07-25,HOSP009
ISSUE2F255116CF,BB017,A+,RBC,2,2025-11-04,HOSP002
ISSUE4A9297726C,BB017,A+,RBC,1,2026-03-21,HOSP011
ISSUEA5AB1DEE4D,BB017,A+,RBC,2,2026-02-16,HOSP003
ISSUE5FDC143079,BB017,A+,RBC,1,2022-03-04,HOSP011
ISSUEBFC6C0BFE9,BB017,A+,RBC,1,2026-01-06,HOSP012
ISSUED788EC62C6,BB017,A+,RBC,1,2025-10-06,HOSP004
ISSUE357F6D3763,BB017,A+,RBC,1,2025-04-11,HOSP006
ISSUEBABAC6E4F5,BB017,A+,Plasma,4,2026-04-22,HOSP012
ISSUEB96EC2654E,BB017,A+,Plasma,2,2022-07-29,HOSP003
ISSUE1BC2B93436,BB017,A+,Plasma,3,2026-08-08,HOSP007
ISSUEACB6B6E039,BB017,A+,Plasma,1,2026-05-06,HOSP011
ISSUE2312929809,BB017,A+,Plasma,1,2025-11-02,HOSP002
ISSUE2384972934,BB017,A+,Plasma,2,2022-03-01,HOSP005
ISSUEF724DFF8FB,BB017,A+,Plasma,1,2024-04-25,HOSP005
ISSUE27631411E3,BB017,A+,Plasma,1,2026-01-06,HOSP003
ISSUE6B438A5824,BB015,B+,Platelets,2,2026-04-07,HOSP001
ISSUE6FA7A12527,BB005,B+,RBC,3,2025-11-28,HOSP003
ISSUE3CBD28A182,BB005,B+,RBC,2,2026-06-08,HOSP001
ISSUEB5917FFB41,BB005,B+,RBC,3,2025-06-08,HOSP004
ISSUEBB94D746A2,BB005,B+,Plasma,1,2025-11-23,HOSP004
ISSUEEB32565E1D,BB005,B+,Plasma,3,2025-09-08,HOSP008
ISSUEB90DEF72D8,BB005,B+,Plasma,2,2026-01-28,HOSP001
ISSUEB092327254,BB005,B+,Plasma,2,2025-08-28,HOSP001
ISSUE58819F24AE,BB001,B+,Platelets,1,2026-03-15,HOSP005
ISSUE30B4C19B60,BB001,B+,Platelets,2,2025-09-01,HOSP007
ISSUEF44EAFBE18,BB005,O-,RBC,1,2024-03-12,HOSP002
ISSUE8A3A64BA95,BB005,O-,RBC,2,2022-08-31,HOSP009
ISSUEE161A45291,BB005,O-,RBC,1,2025-12-11,HOSP006
ISSUE54A78FE713,BB005,O-,Plasma,2,2024-03-19,HOSP007
ISSUEF9DB85C24C,BB005,O-,Plasma,2,2023-08-19,HOSP006
ISSUE2FE20DB985,BB005,O-,Plasma,1,2025-12-09,HOSP011
ISSUEBFFB2C67EB,BB005,O-,Plasma,1,2024-03-18,HOSP010
ISSUE5758DB8908,BB014,O-,RBC,3,2025-09-09,HOSP003
ISSUEDA5D183135,BB014,O-,RBC,1,2024-06-07,HOSP006
ISSUE591DD2A884,BB014,O-,Plasma,1,2023-02-22,HOSP012
ISSUE998141B5D9,BB014,O-,Plasma,3,2025-01-20,HOSP008
ISSUE341F6672F2,BB014,O-,Plasma,1,2025-09-05,HOSP007
ISSUE04F173471C,BB014,O-,Plasma,3,2026-06-30,HOSP004
ISSUE03DE40048D,BB014,O-,Plasma,1,2024-06-07,HOSP011
ISSUECA6EF1EB87,BB012,A+,RBC,3,2026-05-12,HOSP006
ISSUE68DF9DCBCE,BB012,A+,RBC,2,2025-11-05,HOSP007
ISSUE1433A91421,BB012,A+,RBC,3,2025-07-21,HOSP008
ISSUEF725AFA5E8,BB012,A+,RBC,3,2026-03-08,HOSP007
ISSUEC2478CEE07,BB012,A+,RBC,2,2025-04-11,HOSP006
ISSUE14A37F535F,BB012,A+,RBC,2,2026-04-09,HOSP002
ISSUE769157B01D,BB012,A+,RBC,2,2026-04-07,HOSP004
ISSUE6783743631,BB012,A+,Plasma,3,2026-05-15,HOSP012
ISSUEB721135AE0,BB012,A+,Plasma,3,2025-07-14,HOSP011
ISSUE4418533F05,BB012,A+,Plasma,2,2024-09-19,HOSP012
ISSUECA5AF6FF2B,BB012,A+,Plasma,3,2026-03-02,HOSP008
ISSUE41E00896C8,BB012,A+,Plasma,1,2025-08-31,HOSP002
ISSUE830CE577C5,BB012,A+,Plasma,2,2023-11-18,HOSP001
ISSUED505EAC68C,BB012,A+,Plasma,1,2025-10-12,HOSP003
ISSUEDA6329B715,BB012,A+,Platelets,1,2026-03-03,HOSP012
ISSUE1E10C5175F,BB012,A+,Platelets,2,2026-07-19,HOSP012
ISSUE2DD40D32F7,BB003,B-,RBC,1,2025-04-24,HOSP007
ISSUE64DF03CD1D,BB003,B-,RBC,1,2025-07-24,HOSP009
ISSUE788A6E918A,BB003,B-,RBC,1,2026-03-27,HOSP010
ISSUE06CD3AA637,BB003,B-,RBC,1,2025-04-19,HOSP005
ISSUEFA0472D1F6,BB003,B-,Plasma,1,2025-04-18,HOSP003
ISSUEA45B7C1746,BB003,B-,Plasma,1,2025-12-21,HOSP010
ISSUE962E161270,BB003,B-,Plasma,1,2024-10-13,HOSP004
ISSUEB44DE36D15,BB003,B-,Plasma,1,2025-12-18,HOSP004
ISSUEBFFE732346,BB011,B+,RBC,3,2026-03-01,HOSP003
ISSUE612CD45C9A,BB011,B+,RBC,2,2024-08-25,HOSP006
ISSUEE66BB98D76,BB011,B+,RBC,2,2025-11-15,HOSP001
ISSUE221D3AAAA5,BB011,B+,RBC,1,2021-06-05,HOSP010
ISSUE0B262268D2,BB011,B+,Plasma,2,2022-08-31,HOSP002
ISSUEABE0C49307,BB011,B+,Plasma,2,2024-08-20,HOSP012
ISSUEA59F99C6B2,BB011,B+,Platelets,1,2025-11-23,HOSP005
ISSUEC63AB55AF6,BB018,A+,Platelets,1,2025-06-17,HOSP008
ISSUEC862395FCD,BB018,A+,Platelets,4,2023-04-25,HOSP005
ISSUEE7C6FB7F29,BB018,A+,Platelets,3,2026-08-02,HOSP010
ISSUE3D5D7B45C8,BB019,B-,RBC,1,2024-09-08,HOSP007
ISSUE6B322D54B9,BB019,B-,RBC,2,2022-03-18,HOSP003
ISSUE121E02E9E9,BB019,B-,Plasma,1,2024-09-10,HOSP003
ISSUE0CE84BA804,BB019,B-,Plasma,1,2025-10-16,HOSP011
ISSUEAAB2D46DFF,BB013,A+,Platelets,3,2023-06-16,HOSP005
ISSUEDEA2C667BD,BB013,A+,Platelets,4,2024-07-15,HOSP005
ISSUEB3647EC936,BB013,A+,Platelets,2,2023-06-15,HOSP008
ISSUEB1AC03D4A6,BB013,A+,Platelets,1,2025-12-27,HOSP001
ISSUE872F18218B,BB001,AB+,RBC,1,2026-05-29,HOSP005
ISSUE5BD345576A,BB001,AB+,RBC,1,2026-01-21,HOSP011
ISSUE135DE1E262,BB001,AB+,RBC,1,2024-04-20,HOSP012
ISSUE5631D718DE,BB001,AB+,RBC,1,2026-03-14,HOSP005
ISSUE5D5A2F30AB,BB001,AB+,RBC,1,2022-12-07,HOSP004
ISSUE69815F2E03,BB001,AB+,Plasma,1,2024-12-31,HOSP012
ISSUEA6347FA008,BB001,AB+,Plasma,1,2023-05-18,HOSP004
ISSUE4497FFB232,BB001,O+,Platelets,2,2024-06-20,HOSP005
ISSUE67FCC3C755,BB001,O+,Platelets,2,2026-07-16,HOSP008
ISSUE6564345CCE,BB002,B+,RBC,2,2021-05-22,HOSP009
ISSUED23712870B,BB002,B+,RBC,2,2022-12-20,HOSP008
ISSUE7F42C406D0,BB002,B+,RBC,1,2024-09-13,HOSP005
ISSUEED937A0555,BB002,B+,RBC,1,2023-04-09,HOSP008
ISSUE33F7734E5F,BB002,B+,RBC,1,2025-05-02,HOSP001
ISSUE065C1446B8,BB002,B+,Plasma,1,2021-05-21,HOSP007
ISSUE781E551789,BB002,B+,Plasma,1,2023-08-09,HOSP005
ISSUE7296158191,BB002,B+,Plasma,2,2025-11-04,HOSP010
ISSUEDBB979C091,BB002,B+,Plasma,2,2024-07-02,HOSP006
ISSUEAC9A00D62A,BB002,B+,Plasma,1,2024-06-23,HOSP012
ISSUE422723C799,BB002,B+,Plasma,1,2022-02-10,HOSP008
ISSUE641F6A69DB,BB002,B+,Plasma,1,2024-09-14,HOSP003
ISSUEE9697DFCC8,BB002,B+,Plasma,1,2023-04-14,HOSP002
ISSUE971311E8FE,BB002,B+,Platelets,2,2024-09-15,HOSP003
ISSUE8222519E46,BB002,B+,Platelets,1,2025-03-04,HOSP002
ISSUEF7315511D7,BB011,O-,RBC,2,2026-02-06,HOSP004
ISSUE6DBA6526B6,BB011,O-,Plasma,2,2026-01-24,HOSP007
ISSUE2231182671,BB011,O-,Plasma,2,2023-09-26,HOSP004
ISSUE300FF574F9,BB011,O-,Platelets,1,2026-01-25,HOSP002
ISSUE36508D8446,BB011,O-,Platelets,1,2026-02-05,HOSP008
ISSUE231BE5E856,BB004,A+,RBC,6,2025-04-18,HOSP005
ISSUE39E5936AA2,BB004,A+,RBC,2,2025-09-20,HOSP004
ISSUE61DE0949EF,BB004,A+,Plasma,5,2022-10-24,HOSP012
ISSUE3699EC7F42,BB004,A+,Plasma,4,2025-08-29,HOSP005
ISSUEC268663F1A,BB004,A+,Plasma,4,2023-07-05,HOSP002
ISSUE20B8A05A66,BB004,A+,Plasma,3,2025-01-29,HOSP011
ISSUED09E694B83,BB004,A+,Plasma,1,2026-05-25,HOSP002
ISSUE80FB28C62E,BB008,A-,RBC,1,2025-09-21,HOSP011
ISSUEF174A0E177,BB008,A-,RBC,1,2023-07-28,HOSP010
ISSUEEF7C9E4EE1,BB008,A-,Plasma,1,2025-09-21,HOSP010
ISSUEBD2B251381,BB002,A-,RBC,1,2025-09-05,HOSP010
ISSUE3254E34D2C,BB002,A-,RBC,1,2026-05-10,HOSP012
ISSUE42B27C609A,BB002,A-,RBC,1,2025-02-05,HOSP004
ISSUE99C7DCF6C4,BB002,A-,Plasma,1,2025-09-01,HOSP003
ISSUED4575FAC36,BB002,A-,Plasma,1,2025-02-11,HOSP004
ISSUEFFB8BF4425,BB002,A-,Plasma,1,2025-10-30,HOSP008
ISSUEC7F10C5619,BB003,B+,RBC,6,2021-09-25,HOSP006
ISSUE1FC6765455,BB003,B+,RBC,4,2023-01-07,HOSP012
ISSUE9196BAC400,BB003,B+,RBC,3,2023-10-20,HOSP005
ISSUEE132554E67,BB003,B+,RBC,1,2024-10-22,HOSP010
ISSUED7C99DB273,BB003,B+,RBC,3,2024-10-14,HOSP004
ISSUE88BC1E0AFB,BB003,B+,Plasma,3,2025-10-24,HOSP008
ISSUEF918B3C33A,BB003,B+,Plasma,5,2023-01-05,HOSP003
ISSUE7C50122A4D,BB003,B+,Plasma,2,2024-05-18,HOSP004
ISSUE0E308A4C6E,BB003,B+,Plasma,4,2025-12-26,HOSP005
ISSUEFD154EBBC5,BB003,B+,Plasma,2,2026-06-07,HOSP007
ISSUEAFF2A930F4,BB003,B+,Plasma,1,2023-10-20,HOSP007
ISSUEC7BE7A4D2E,BB003,B+,Plasma,3,2024-10-18,HOSP001
ISSUED49594FC22,BB003,B+,Plasma,3,2024-06-24,HOSP006
ISSUE9A31F998A0,BB003,B+,Platelets,3,2026-04-04,HOSP006
ISSUE7FB94CB73D,BB003,B+,Platelets,2,2026-05-01,HOSP004
ISSUED6D1F38D5B,BB003,B+,Platelets,1,2026-08-02,HOSP009
ISSUE0699232665,BB003,B+,Platelets,2,2025-12-27,HOSP005
ISSUE98133B0851,BB003,B+,Platelets,1,2026-06-12,HOSP006
ISSUEA8D08873C0,BB014,B+,RBC,2,2026-05-24,HOSP004
ISSUECD922A53EA,BB014,B+,RBC,2,2026-06-21,HOSP012
ISSUE88A69DA7F3,BB014,B+,RBC,2,2026-06-08,HOSP003
ISSUE396EC2B519,BB014,B+,RBC,1,2026-01-14,HOSP006
ISSUE5A2FA80315,BB014,B+,RBC,1,2022-11-06,HOSP002
ISSUE1C5EFF703A,BB014,B+,RBC,1,2025-07-24,HOSP006
ISSUEEEACBEB1EA,BB014,B+,Plasma,1,2025-03-18,HOSP005
ISSUEEBDFEB1B74,BB006,O+,Platelets,3,2025-11-15,HOSP007
ISSUE69A5A04976,BB006,O+,Platelets,2,2026-07-25,HOSP004
ISSUE47773E44E3,BB006,O+,Platelets,1,2024-07-23,HOSP007
ISSUECC2E7D1028,BB006,O+,Platelets,1,2024-11-09,HOSP010
ISSUE6765FF83EC,BB006,O+,Platelets,1,2025-09-21,HOSP009
ISSUE81472B6226,BB006,O+,Platelets,1,2023-06-12,HOSP007
ISSUE264FFFA83C,BB003,O-,RBC,1,2025-04-11,HOSP010
ISSUEA17A7BDF26,BB003,O-,RBC,2,2024-10-01,HOSP010
ISSUE36FEA5A951,BB003,O-,Plasma,1,2025-08-31,HOSP011
ISSUE8E6D0E14FA,BB003,O-,Plasma,1,2024-03-23,HOSP005
ISSUECF39325938,BB003,O-,Plasma,2,2022-02-23,HOSP008
ISSUEB1165F5134,BB003,O-,Plasma,2,2024-05-30,HOSP005
ISSUE5CD9C26F70,BB003,O-,Plasma,1,2025-04-10,HOSP011
ISSUE51EA81655A,BB003,O-,Plasma,1,2023-02-05,HOSP002
ISSUE468406D1E3,BB020,AB-,RBC,1,2025-03-11,HOSP001
ISSUE0B25DC4DD5,BB020,AB-,Plasma,1,2023-09-17,HOSP001
ISSUEB12569C301,BB020,AB-,Platelets,1,2023-09-18,HOSP007
ISSUEFCB6943469,BB010,B-,RBC,2,2024-06-25,HOSP011
ISSUE07E5F686CE,BB010,B-,Plasma,1,2025-12-11,HOSP005
ISSUE5106C0CECC,BB010,B-,Plasma,2,2026-04-20,HOSP009
ISSUED950A8DABC,BB010,B-,Plasma,1,2025-05-07,HOSP002
ISSUE03D6119D5C,BB010,B-,Plasma,1,2024-06-19,HOSP004
ISSUE480F653411,BB010,O-,Platelets,1,2024-10-19,HOSP012
ISSUE48E36F8CDC,BB018,B-,RBC,1,2025-09-15,HOSP007
ISSUEEBF5E53781,BB018,B-,Plasma,1,2025-11-23,HOSP008
ISSUEC017BAED6C,BB015,O+,RBC,3,2025-05-12,HOSP001
ISSUEB7AA4577DF,BB015,O+,RBC,4,2026-03-14,HOSP011
ISSUE67C48EDD75,BB015,O+,RBC,7,2026-03-19,HOSP008
ISSUEA152550960,BB015,O+,RBC,3,2026-04-23,HOSP009
ISSUEDF430CEFDB,BB015,O+,RBC,4,2025-11-12,HOSP011
ISSUE213EFA5A9A,BB015,O+,RBC,2,2026-07-07,HOSP002
ISSUEB1CDA1EAEC,BB015,O+,RBC,4,2025-08-28,HOSP009
ISSUE62B1FE893B,BB015,O+,RBC,1,2025-06-18,HOSP012
ISSUE861A57D575,BB015,O+,RBC,2,2022-06-27,HOSP002
ISSUE5AB9E575FD,BB015,O+,RBC,2,2024-03-03,HOSP006
ISSUE6C1D486A25,BB015,O+,RBC,1,2026-07-30,HOSP009
ISSUE44179AD0B7,BB015,O+,Plasma,6,2025-05-15,HOSP002
ISSUECE61C2C86D,BB015,O+,Plasma,2,2026-03-25,HOSP006
ISSUE1DADCD6EC2,BB015,O+,Plasma,2,2025-06-30,HOSP010
ISSUE8639051AF4,BB015,O+,Plasma,4,2025-08-07,HOSP002
ISSUE39F485B946,BB015,O+,Plasma,2,2026-07-03,HOSP010
ISSUECE95962A69,BB015,O+,Plasma,2,2026-07-21,HOSP007
ISSUE2E99A7F47F,BB015,O+,Plasma,3,2025-08-25,HOSP004
ISSUE2DBA60D44C,BB015,O+,Plasma,2,2026-04-29,HOSP009
ISSUE0A7789481B,BB015,O+,Plasma,2,2025-12-24,HOSP010
ISSUEF2DDC220E7,BB015,O+,Plasma,3,2025-04-01,HOSP005
ISSUE28E68BB472,BB015,O+,Plasma,2,2022-12-05,HOSP010
ISSUE725530E29A,BB015,O+,Plasma,1,2026-08-02,HOSP001
ISSUE7E00D0FB73,BB015,O+,Platelets,2,2024-09-30,HOSP002
ISSUED212816F25,BB015,O+,Platelets,2,2023-11-13,HOSP008
ISSUEA6671B0F9A,BB015,O+,Platelets,1,2025-08-28,HOSP009
ISSUE4DEA9E9229,BB015,O+,Platelets,1,2024-03-01,HOSP006
ISSUE9FB598A7CE,BB016,O+,RBC,6,2026-04-05,HOSP007
ISSUE996FBD48E9,BB016,O+,RBC,2,2022-05-03,HOSP001
ISSUEEC39BF924B,BB016,O+,RBC,2,2023-06-19,HOSP005
ISSUE4665D2F4C4,BB016,O+,RBC,4,2026-05-29,HOSP008
ISSUEFC52E88E1D,BB016,O+,RBC,2,2026-07-24,HOSP012
ISSUEDA337CD736,BB016,O+,RBC,2,2022-02-24,HOSP003
ISSUE89DF82CAA9,BB016,O+,RBC,2,2025-01-15,HOSP009
ISSUEB94ECE7552,BB016,O+,RBC,2,2023-09-14,HOSP012
ISSUE464F04B78B,BB016,O+,RBC,1,2023-10-31,HOSP010
ISSUEE327479109,BB016,O+,RBC,2,2024-02-18,HOSP011
ISSUE9CCB1C009D,BB016,O+,RBC,2,2025-04-23,HOSP001
ISSUEA7A7AD7EC2,BB016,O+,RBC,1,2022-10-10,HOSP006
ISSUEFA28C9CD07,BB016,O+,RBC,1,2026-05-23,HOSP012
ISSUE8F73184EDE,BB016,O+,Plasma,5,2023-10-21,HOSP011
ISSUE5275DCD487,BB016,O+,Plasma,4,2022-05-03,HOSP004
ISSUE90C9A81C20,BB016,O+,Plasma,2,2026-05-31,HOSP001
ISSUE6DD1B34A94,BB016,O+,Plasma,3,2026-01-07,HOSP003
ISSUEC91091CEB9,BB016,O+,Plasma,1,2023-10-30,HOSP005
ISSUE5263359A8B,BB016,O+,Plasma,3,2024-02-19,HOSP008
ISSUE97D2574D28,BB016,O+,Plasma,2,2024-05-07,HOSP002
ISSUEDDA0980AF8,BB016,O+,Plasma,2,2022-10-09,HOSP009
ISSUEEE54D5B5C5,BB016,O+,Platelets,3,2025-11-18,HOSP010
ISSUEF8F6C27E1B,BB016,O+,Platelets,3,2026-06-03,HOSP009
ISSUE1F7DB03E76,BB016,O+,Platelets,1,2024-05-06,HOSP001
ISSUE318668A59A,BB016,O+,Platelets,2,2022-10-06,HOSP011
ISSUEC97694C8A1,BB002,B-,RBC,1,2025-11-25,HOSP005
ISSUE6F03FC0D08,BB002,B-,RBC,1,2026-04-22,HOSP003
ISSUEF1DAA63BE8,BB002,B-,RBC,1,2025-07-05,HOSP003
ISSUEE6B1813E0D,BB002,B-,RBC,1,2025-09-27,HOSP003
ISSUE69E78F357D,BB002,B-,Plasma,1,2026-04-29,HOSP011
ISSUE4BFFACC1BD,BB010,O+,RBC,4,2026-06-27,HOSP010
ISSUEE19FABA575,BB010,O+,RBC,4,2025-03-21,HOSP012
ISSUE19E56364B3,BB010,O+,RBC,4,2024-12-20,HOSP004
ISSUEB33F965709,BB010,O+,RBC,2,2025-04-23,HOSP011
ISSUE890D9C3B6F,BB010,O+,RBC,1,2026-03-27,HOSP004
ISSUE25C42C52F7,BB010,O+,RBC,1,2025-05-10,HOSP009
ISSUE9E2DBAF3D9,BB010,O+,RBC,2,2026-08-13,HOSP003
ISSUEDE6319228F,BB010,O+,Plasma,5,2026-06-25,HOSP002
ISSUE27B53E8DF0,BB010,O+,Plasma,2,2026-02-12,HOSP006
ISSUECDF28BBA44,BB010,O+,Plasma,4,2025-03-17,HOSP001
ISSUE5FC49AE1D5,BB010,O+,Plasma,1,2026-05-30,HOSP003
ISSUE45C0AF724D,BB010,O+,Plasma,2,2024-08-22,HOSP002
ISSUEE71B10098D,BB010,O+,Plasma,1,2023-01-29,HOSP003
ISSUE491FD4C9B4,BB010,O+,Plasma,2,2025-04-24,HOSP005
ISSUE8CC2B704F0,BB010,O+,Plasma,2,2025-06-23,HOSP010
ISSUE43AF8F86B5,BB010,O+,Plasma,2,2026-03-27,HOSP002
ISSUECEBB71FEC9,BB010,O+,Plasma,2,2026-06-07,HOSP006
ISSUEE9E120C6B6,BB010,O+,Plasma,1,2026-05-12,HOSP001
ISSUE4848F7A01C,BB010,O+,Plasma,1,2026-05-26,HOSP007
ISSUEA9786CE427,BB010,O+,Plasma,1,2025-05-07,HOSP005
ISSUE10826AED4E,BB010,O+,Plasma,1,2025-04-06,HOSP009
ISSUE3800B27CF6,BB010,O+,Platelets,3,2026-06-22,HOSP010
ISSUE77B8229902,BB010,O+,Platelets,2,2026-01-17,HOSP001
ISSUE91715D6D0E,BB010,O+,Platelets,2,2025-12-21,HOSP009
ISSUE078C9BE5ED,BB010,O+,Platelets,1,2025-11-17,HOSP001
ISSUEFFE4AF948D,BB017,A+,Platelets,2,2025-09-01,HOSP012
ISSUE520BDFF27C,BB017,A+,Platelets,1,2025-08-22,HOSP008
ISSUE47A5F898AE,BB007,A+,Platelets,1,2023-10-17,HOSP011
ISSUE382EFBEBC3,BB007,A+,Platelets,2,2024-09-23,HOSP011
ISSUE4D259354AA,BB007,A+,Platelets,2,2024-12-30,HOSP012
ISSUEEDC4ADCA8B,BB007,AB+,RBC,1,2026-04-22,HOSP001
ISSUE50F708F246,BB007,AB+,Plasma,1,2025-02-21,HOSP001
ISSUE45A6E78C5A,BB007,AB+,Platelets,1,2024-01-01,HOSP012
ISSUED129CB3B7A,BB001,B-,RBC,1,2025-05-08,HOSP005
ISSUE4D9CB051D9,BB001,B-,Platelets,1,2025-05-06,HOSP003
ISSUE8DF6C07912,BB001,B-,Platelets,1,2021-12-21,HOSP011
ISSUE56AC90303A,BB010,B-,Platelets,1,2025-08-09,HOSP004
ISSUEC4988A9D96,BB010,B-,Platelets,1,2025-12-02,HOSP002
ISSUE8EB0F1B18A,BB010,B-,Platelets,1,2025-07-07,HOSP002
ISSUEE01BDDF71B,BB020,B+,RBC,1,2025-06-24,HOSP011
ISSUE158060D806,BB020,B+,RBC,2,2023-06-09,HOSP004
ISSUE0300A7FAC2,BB020,B+,RBC,3,2026-02-13,HOSP010
ISSUECF2BA73B8C,BB020,B+,RBC,1,2024-10-14,HOSP009
ISSUE51368E8DE9,BB020,B+,Plasma,1,2024-07-28,HOSP001
ISSUEC83D79FD5E,BB020,B+,Plasma,1,2026-03-17,HOSP003
ISSUE3F7CA595F2,BB020,B+,Plasma,2,2025-06-21,HOSP011
ISSUE196742B931,BB016,AB+,Plasma,1,2022-07-19,HOSP010
ISSUE83DFEF9054,BB016,AB+,Plasma,1,2026-03-02,HOSP010
ISSUED5CBE66B15,BB016,AB+,Platelets,1,2025-09-15,HOSP006
ISSUE7F8AA70AD7,BB016,AB+,Platelets,1,2022-07-25,HOSP012
ISSUE4DA4970457,BB006,B-,RBC,1,2021-08-10,HOSP006
ISSUEF72AA42033,BB006,B-,RBC,1,2023-11-22,HOSP012
ISSUEFF3F697697,BB007,B+,RBC,4,2026-08-09,HOSP007
ISSUEFC028307EB,BB007,B+,RBC,2,2026-03-22,HOSP001
ISSUE689E5D218E,BB007,B+,RBC,2,2025-01-04,HOSP007
ISSUECEED2C3AAF,BB007,B+,RBC,1,2026-01-19,HOSP003
ISSUE202B70D825,BB007,B+,RBC,1,2026-07-07,HOSP011
ISSUE8061160381,BB007,B+,Plasma,4,2026-08-05,HOSP005
ISSUED2CF185134,BB007,B+,Plasma,3,2026-06-03,HOSP001
ISSUE83B6FFB101,BB007,B+,Plasma,2,2024-11-08,HOSP011
ISSUE2F03485B81,BB007,B+,Plasma,1,2025-01-12,HOSP011
ISSUEF344C6FA5E,BB007,B+,Plasma,1,2024-06-30,HOSP012
ISSUE3527D01753,BB007,B+,Plasma,1,2023-11-01,HOSP003
ISSUEC03208910B,BB007,B+,Plasma,2,2026-04-12,HOSP010
ISSUEC4A1EE93DD,BB007,B+,Platelets,2,2024-06-06,HOSP010
ISSUEC31042C9D8,BB007,B+,Platelets,1,2026-05-02,HOSP009
ISSUE93B2BF5CAA,BB004,A+,Platelets,2,2024-06-08,HOSP005
ISSUE66D135CDE6,BB004,A+,Platelets,2,2026-02-11,HOSP004
ISSUE66C9B1B9E2,BB004,A+,Platelets,1,2023-07-05,HOSP004
ISSUEC2A920961C,BB004,A+,Platelets,1,2025-01-28,HOSP009
ISSUECEE593C6CB,BB004,A+,Platelets,1,2025-04-17,HOSP007
ISSUED238C96C1A,BB010,AB+,RBC,1,2026-01-25,HOSP012
ISSUE12A658A023,BB010,AB+,RBC,1,2025-08-23,HOSP011
ISSUEE5CD1FBC0E,BB010,AB+,Plasma,1,2026-01-20,HOSP005
ISSUEB2A4495683,BB010,AB+,Plasma,1,2026-01-28,HOSP002
ISSUE79A5202BE9,BB017,AB+,RBC,2,2026-07-28,HOSP003
ISSUE1E658EC4FF,BB017,AB+,RBC,1,2025-04-17,HOSP009
ISSUE653A3DCF04,BB017,AB+,RBC,1,2024-02-05,HOSP008
ISSUE782C631748,BB017,AB+,Plasma,2,2026-03-29,HOSP006
ISSUE191514FEBE,BB017,AB+,Plasma,2,2023-12-04,HOSP007
ISSUE59D0D89215,BB017,AB+,Plasma,1,2024-07-16,HOSP005
ISSUE884FB4202E,BB017,AB+,Plasma,1,2024-02-02,HOSP003
ISSUE00A290FB81,BB017,AB+,Plasma,1,2024-09-18,HOSP009
ISSUEEC0681480C,BB005,B-,RBC,1,2026-02-11,HOSP007
ISSUEBB12F63BE1,BB005,B-,RBC,1,2026-08-02,HOSP006
ISSUE73EAD7DCAB,BB005,B-,Plasma,1,2026-08-09,HOSP011
ISSUE6A35514AA3,BB005,B-,Plasma,1,2026-02-18,HOSP003
ISSUE086ED350F5,BB005,B-,Plasma,1,2026-08-08,HOSP011
ISSUE27725B5386,BB005,B-,Plasma,1,2025-07-06,HOSP005
ISSUEE4A18C8061,BB017,B-,RBC,1,2025-02-13,HOSP012
ISSUE9B44684247,BB017,B-,RBC,1,2025-02-08,HOSP012
ISSUE5DC8CDE3C9,BB017,B-,Plasma,1,2025-02-01,HOSP010
ISSUEC74B017551,BB017,B-,Plasma,1,2026-07-01,HOSP005
ISSUEC28F9A3630,BB017,B-,Plasma,1,2025-02-07,HOSP003
ISSUE242D550D68,BB017,B-,Plasma,1,2026-07-11,HOSP007
ISSUE56CF74A84D,BB017,B-,Platelets,1,2025-01-30,HOSP003
ISSUEA16E00CEC8,BB017,B-,Platelets,1,2024-12-16,HOSP002
ISSUE105F573CC4,BB012,B-,RBC,1,2024-11-15,HOSP010
ISSUE9FA93E75E6,BB012,B-,RBC,1,2025-11-13,HOSP011
ISSUE1263D93C2D,BB012,B-,RBC,1,2026-02-11,HOSP003
ISSUE7B6389139F,BB012,B-,RBC,1,2024-10-07,HOSP001
ISSUE5F4F3A7B75,BB012,B-,RBC,1,2025-03-12,HOSP004
ISSUE1482A15275,BB012,B-,Platelets,1,2025-04-29,HOSP008
ISSUE1768646FB9,BB012,B-,Platelets,1,2025-11-13,HOSP007
ISSUE058A7FBF51,BB013,A-,RBC,1,2026-02-24,HOSP004
ISSUEDECA267FA2,BB013,A-,Plasma,1,2026-02-23,HOSP006
ISSUE621ACC382E,BB006,A-,RBC,1,2025-11-03,HOSP011
ISSUE4D4FC30E03,BB020,B+,Platelets,2,2024-12-26,HOSP003
ISSUE1DB5AED074,BB020,B+,Platelets,1,2025-06-17,HOSP011
ISSUE6BED84AAD1,BB020,B+,Platelets,2,2024-10-18,HOSP011
ISSUE78EDCA7DC9,BB004,O-,RBC,1,2026-01-17,HOSP003
ISSUE1D9CD45C1B,BB004,O-,RBC,1,2025-03-29,HOSP010
ISSUEA773F6B6E6,BB004,O-,Plasma,1,2022-08-10,HOSP005
ISSUE25F9F73315,BB004,O-,Plasma,1,2025-03-22,HOSP001
ISSUE3B17B66933,BB004,O-,Plasma,1,2025-11-19,HOSP004
ISSUE707E77317D,BB017,B+,Platelets,1,2023-04-17,HOSP010
ISSUE2F0CDCA381,BB017,B+,Platelets,2,2024-05-16,HOSP009
ISSUE0C9B7CD032,BB007,B-,RBC,1,2023-08-12,HOSP003
ISSUE902DAA0AA8,BB006,AB+,RBC,1,2025-09-21,HOSP007
ISSUE4481579628,BB006,AB+,RBC,1,2026-05-20,HOSP009
ISSUE6C2D4CBDA4,BB006,AB+,Platelets,1,2026-05-21,HOSP008
ISSUEF69D0BF122,BB008,B-,RBC,1,2022-06-10,HOSP011
ISSUE3CF43019C0,BB008,B-,RBC,1,2024-08-03,HOSP001
ISSUE19A0D713CD,BB008,B-,Plasma,1,2022-06-09,HOSP001
ISSUE1B3412AA84,BB008,B-,Plasma,1,2024-03-08,HOSP012
ISSUE9E9C740211,BB008,B-,Plasma,1,2025-10-30,HOSP010
ISSUEE80D13F513,BB008,B-,Plasma,1,2025-09-02,HOSP011
ISSUE29CCC32A5F,BB014,AB+,Plasma,1,2025-12-21,HOSP010
ISSUE662C263920,BB018,B+,Platelets,1,2025-06-12,HOSP006
ISSUE51483B9E8B,BB018,B+,Platelets,1,2023-09-16,HOSP003
ISSUE66957BF1C4,BB018,B+,Platelets,1,2025-10-10,HOSP010
ISSUE4954CEB325,BB011,AB+,RBC,1,2025-06-20,HOSP012
ISSUE9EC54136A4,BB011,A+,Platelets,3,2025-07-08,HOSP009
ISSUE4B5A0738DA,BB011,A+,Platelets,1,2026-05-17,HOSP004
ISSUEE896EFBB31,BB011,A+,Platelets,2,2026-04-24,HOSP010
ISSUEF876AB677C,BB011,A+,Platelets,2,2024-07-29,HOSP006
ISSUE196F4B0BF0,BB011,A+,Platelets,1,2024-06-01,HOSP006
ISSUE09CC08BF80,BB003,A-,RBC,1,2025-10-24,HOSP002
ISSUED044174B1A,BB003,A-,RBC,1,2025-04-28,HOSP003
ISSUE2B676DA337,BB003,A-,Plasma,1,2026-05-19,HOSP006
ISSUE1F9A0F44CF,BB003,A-,Plasma,1,2025-09-17,HOSP011
ISSUE3FB3E1B2B8,BB010,A-,RBC,1,2025-05-18,HOSP007
ISSUE938F813F34,BB010,A-,RBC,1,2024-10-24,HOSP009
ISSUE4A7CA035CB,BB010,A-,RBC,1,2024-10-22,HOSP006
ISSUEF9702E9704,BB010,A-,Plasma,1,2023-01-19,HOSP006
ISSUE8F8052A0A5,BB018,O+,Platelets,1,2024-12-30,HOSP012
ISSUE1E84820FC7,BB018,O+,Platelets,2,2024-09-14,HOSP006
ISSUE1CF588F91B,BB018,O+,Platelets,1,2026-06-15,HOSP009
ISSUE026222F8C2,BB019,A-,RBC,2,2026-04-15,HOSP001
ISSUE3F7C08D609,BB019,A-,RBC,1,2024-01-01,HOSP004
ISSUEB1E1117EB6,BB019,A-,Plasma,1,2023-06-30,HOSP002
ISSUE1B670D3DB0,BB019,A-,Plasma,1,2024-08-06,HOSP006
ISSUEE6A3440531,BB019,A-,Platelets,1,2026-04-17,HOSP009
ISSUE2D7FA1064E,BB008,AB+,RBC,1,2025-04-19,HOSP011
ISSUEC7CDCE36D3,BB008,AB+,Plasma,1,2022-12-01,HOSP009
ISSUEA6AA3C6DFB,BB008,AB+,Plasma,1,2025-04-17,HOSP003
ISSUEF70579F7AB,BB008,AB+,Platelets,1,2022-12-02,HOSP010
ISSUEE75F36280F,BB020,AB+,RBC,1,2026-06-07,HOSP001
ISSUE0CF2BAC7F5,BB020,AB+,RBC,1,2023-01-02,HOSP007
ISSUE1301D04E59,BB020,AB+,RBC,1,2026-01-11,HOSP001
ISSUE4B961F8769,BB020,AB+,Plasma,1,2026-07-29,HOSP008
ISSUE9F5F0406CD,BB016,A-,Platelets,1,2025-02-18,HOSP005
ISSUE1CD30F2021,BB012,A-,RBC,1,2023-09-09,HOSP011
ISSUE29D63081E4,BB012,A-,Plasma,2,2023-09-07,HOSP011
ISSUE2C2D55567D,BB012,A-,Plasma,1,2025-10-11,HOSP012
ISSUECA1B1A25A7,BB012,A-,Plasma,1,2025-04-29,HOSP003
ISSUE79A947FE35,BB017,O+,RBC,7,2026-06-19,HOSP002
ISSUE961201A30F,BB017,O+,RBC,2,2026-06-11,HOSP005
ISSUE94030AE50A,BB017,O+,RBC,3,2026-06-01,HOSP006
ISSUE592245DE59,BB017,O+,RBC,5,2025-05-23,HOSP005
ISSUE3C4F73F8DE,BB017,O+,RBC,2,2026-05-07,HOSP001
ISSUED2CDADFB71,BB017,O+,RBC,3,2026-08-11,HOSP008
ISSUECF3CC01314,BB017,O+,RBC,2,2021-10-06,HOSP010
ISSUE1DED9EB638,BB017,O+,RBC,2,2026-03-24,HOSP003
ISSUECB79FC0818,BB017,O+,RBC,1,2025-04-05,HOSP009
ISSUECCA4167210,BB017,O+,RBC,2,2026-01-11,HOSP006
ISSUE8AA798F9F2,BB017,O+,RBC,2,2024-09-18,HOSP002
ISSUEEEB7D4F137,BB017,O+,RBC,1,2025-07-01,HOSP001
ISSUE2AB679CC86,BB017,O+,Plasma,6,2026-05-13,HOSP012
ISSUED403F27D75,BB017,O+,Plasma,3,2023-06-26,HOSP001
ISSUE54167954FF,BB017,O+,Plasma,2,2025-11-12,HOSP007
ISSUEFE5C7E0B46,BB017,O+,Plasma,3,2024-11-14,HOSP003
ISSUE47B865D0BA,BB017,O+,Plasma,4,2025-11-07,HOSP003
ISSUE1F3D5B96BD,BB017,O+,Plasma,1,2021-09-29,HOSP004
ISSUEB04287E9B9,BB017,O+,Plasma,3,2026-01-13,HOSP001
ISSUE4C3B89A9A4,BB017,O+,Plasma,2,2026-07-06,HOSP010
ISSUEE78A5E5E66,BB017,O+,Plasma,1,2026-01-07,HOSP011
ISSUEF4B3761AF7,BB017,O+,Plasma,2,2025-04-27,HOSP011
ISSUED07F5434DB,BB017,O+,Plasma,1,2024-04-05,HOSP003
ISSUEC937000963,BB017,O+,Plasma,2,2025-03-29,HOSP011
ISSUE38829FC447,BB006,O-,RBC,1,2024-10-04,HOSP004
ISSUEB032620C33,BB006,O-,RBC,1,2023-11-14,HOSP003
ISSUE9B9482138F,BB006,O-,Plasma,1,2024-06-25,HOSP002
ISSUE8EDF546CC9,BB001,A+,Platelets,2,2024-09-22,HOSP010
ISSUE358971E393,BB001,A+,Platelets,1,2026-07-17,HOSP001
ISSUECF4ED5D4CC,BB010,B+,RBC,3,2025-10-18,HOSP004
ISSUE67C5558211,BB010,B+,RBC,2,2026-03-22,HOSP001
ISSUEE60008221F,BB010,B+,RBC,1,2025-08-07,HOSP006
ISSUEDA1EE4809C,BB010,B+,RBC,1,2025-05-04,HOSP002
ISSUEDC5BCF1B10,BB010,B+,RBC,2,2026-02-27,HOSP007
ISSUE85A1CBA7C0,BB010,B+,Plasma,2,2023-09-09,HOSP001
ISSUEE28707F02F,BB010,B+,Plasma,3,2025-10-24,HOSP001
ISSUE3C8362AD15,BB010,B+,Plasma,1,2026-04-11,HOSP002
ISSUEFA35F12BAA,BB010,B+,Plasma,2,2026-03-15,HOSP011
ISSUED8BA8240CE,BB010,B+,Plasma,1,2024-05-06,HOSP001
ISSUEDA2F598302,BB010,B+,Plasma,1,2024-01-13,HOSP010
ISSUE3DFC4CCB47,BB010,B+,Platelets,1,2026-07-31,HOSP002
ISSUE3B32453289,BB010,B+,Platelets,1,2024-01-12,HOSP002
ISSUE6E3FA25BB0,BB011,AB-,RBC,1,2025-11-21,HOSP012
ISSUE5398AF875C,BB011,AB-,RBC,1,2022-04-10,HOSP002
ISSUE6D5B23CFC7,BB011,AB-,Plasma,1,2022-04-03,HOSP012
ISSUE8749077285,BB010,A+,Platelets,2,2026-03-06,HOSP002
ISSUEC5B5045106,BB010,A+,Platelets,1,2024-03-20,HOSP001
ISSUE2308076CEF,BB010,A+,Platelets,1,2026-06-04,HOSP004
ISSUEFCF1EF12F6,BB010,A+,Platelets,1,2026-07-25,HOSP008
ISSUED36660AEE6,BB010,A+,Platelets,1,2026-03-26,HOSP010
ISSUE1AA10CE4B9,BB017,O+,Platelets,3,2026-06-21,HOSP008
ISSUE08CB1B2D27,BB017,O+,Platelets,1,2025-11-08,HOSP009
ISSUE6A18F9D809,BB017,O+,Platelets,2,2026-04-11,HOSP003
ISSUEA0798947DA,BB017,O+,Platelets,2,2024-11-19,HOSP007
ISSUEDEEB7C0BE1,BB017,O+,Platelets,2,2026-08-10,HOSP012
ISSUE906E79A5AC,BB017,O+,Platelets,1,2025-11-09,HOSP007
ISSUE2068605146,BB017,O+,Platelets,1,2024-09-19,HOSP001
ISSUED4B48BC2AC,BB013,O-,RBC,1,2025-04-04,HOSP009
ISSUEE8C3FC894A,BB013,O+,Platelets,1,2025-11-15,HOSP003
ISSUE97CE7AEDAA,BB013,O+,Platelets,1,2024-01-13,HOSP007
ISSUE784EBE3AD1,BB008,B+,RBC,3,2025-01-01,HOSP002
ISSUECCDB0192F3,BB008,B+,RBC,4,2023-02-15,HOSP003
ISSUECF642FC527,BB008,B+,RBC,2,2024-06-16,HOSP010
ISSUE2C01A42449,BB008,B+,RBC,2,2025-12-29,HOSP007
ISSUE807CEE3730,BB008,B+,Plasma,2,2025-04-06,HOSP007
ISSUE7296C1F0AF,BB008,B+,Plasma,1,2025-12-04,HOSP008
ISSUEDE051CE5D6,BB008,B+,Plasma,2,2023-02-10,HOSP003
ISSUE96C0E44D80,BB008,B+,Plasma,3,2024-01-04,HOSP002
ISSUE0D5DE310CD,BB012,O-,RBC,1,2025-12-04,HOSP008
ISSUEAC5E9322DF,BB012,O-,Plasma,1,2023-02-24,HOSP002
ISSUE5CE1B07B9F,BB007,A-,RBC,1,2024-03-30,HOSP002
ISSUE410D1C6193,BB007,A-,RBC,1,2025-05-03,HOSP006
ISSUEEECCF19215,BB007,A-,RBC,1,2024-02-04,HOSP001
ISSUE3CFE7753EB,BB007,A-,Plasma,1,2024-03-29,HOSP011
ISSUE13281FA663,BB007,A-,Plasma,1,2025-05-05,HOSP011
ISSUE5C5F0999F3,BB004,AB+,RBC,1,2025-05-04,HOSP007
ISSUEA88702EC07,BB015,A-,RBC,1,2026-01-20,HOSP012
ISSUE774950D57C,BB015,A-,RBC,1,2021-04-02,HOSP006
ISSUE6E365C7EDD,BB015,A-,Plasma,1,2026-03-19,HOSP012
ISSUE1ABFDBDFC6,BB015,A-,Plasma,1,2026-01-14,HOSP008
ISSUE2F6C0516D1,BB015,A-,Platelets,1,2025-11-24,HOSP007
ISSUEAAB3D5390D,BB006,A+,Platelets,2,2025-03-31,HOSP002
ISSUE67BE95E395,BB006,A+,Platelets,1,2026-06-06,HOSP003
ISSUEEEC205D2FF,BB006,A+,Platelets,3,2025-05-24,HOSP004
ISSUE98E93EDB66,BB006,A+,Platelets,3,2026-04-17,HOSP003
ISSUEEEFE7CC19A,BB016,B+,RBC,1,2024-10-02,HOSP002
ISSUEBA31568348,BB016,B+,Plasma,2,2024-10-01,HOSP007
ISSUE4F4DDF5D10,BB016,B+,Plasma,1,2024-02-16,HOSP005
ISSUE4BC06300DF,BB009,A-,Platelets,1,2025-11-21,HOSP006
ISSUE85C15BB4C0,BB016,B+,Platelets,1,2024-10-07,HOSP002
ISSUEDF93D9262F,BB008,B+,Platelets,1,2024-12-31,HOSP005
ISSUEEEE8A28F49,BB008,B+,Platelets,2,2024-01-04,HOSP012
ISSUE87D76452ED,BB008,B+,Platelets,1,2024-10-08,HOSP005
ISSUEF253F62D54,BB019,AB+,RBC,2,2023-05-09,HOSP010
ISSUEF3C7F20770,BB019,AB+,RBC,1,2022-11-22,HOSP009
ISSUE13BC356644,BB019,AB+,Plasma,1,2022-04-30,HOSP005
ISSUED784FEDD79,BB019,AB+,Plasma,2,2022-11-20,HOSP011
ISSUED672CA0F72,BB019,AB+,Plasma,1,2025-10-30,HOSP011
ISSUE8A799388CE,BB019,AB+,Platelets,1,2022-11-22,HOSP001
ISSUECD7CD70D1F,BB019,AB+,Platelets,1,2025-10-29,HOSP012
ISSUE3133F148BC,BB006,B+,RBC,1,2025-12-07,HOSP012
ISSUED90BA87C52,BB006,B+,RBC,1,2026-08-13,HOSP006
ISSUEB59ED6D288,BB006,B+,RBC,1,2023-09-13,HOSP011
ISSUE0C69195D39,BB006,B+,RBC,1,2023-11-06,HOSP001
ISSUEC1C97D4A38,BB006,B+,Plasma,1,2024-07-03,HOSP001
ISSUED1EA0DA441,BB017,O-,RBC,1,2023-06-24,HOSP005
ISSUE5F98F49348,BB017,O-,RBC,1,2022-06-01,HOSP001
ISSUEB0A7AD8361,BB017,O-,Plasma,1,2024-06-17,HOSP007
ISSUE37981F3585,BB017,O-,Plasma,1,2022-09-29,HOSP006
ISSUEFCB603E65D,BB017,O-,Plasma,1,2023-06-29,HOSP006
ISSUECA7C0A9B12,BB017,O-,Plasma,1,2022-05-30,HOSP003
ISSUE820F952E64,BB006,B-,Platelets,1,2024-02-10,HOSP008
ISSUE463A28AF59,BB009,AB+,RBC,1,2025-11-30,HOSP010
ISSUE8D311FF5BF,BB009,AB+,RBC,1,2026-07-17,HOSP012
ISSUE9469A09630,BB009,AB+,Platelets,1,2025-01-27,HOSP008
ISSUE057BF635CB,BB012,AB+,Platelets,1,2025-10-31,HOSP010
ISSUE56C3DED316,BB016,B-,RBC,3,2025-03-02,HOSP007
ISSUEA824D89DC1,BB016,B-,RBC,1,2024-08-12,HOSP012
ISSUED087E07CDB,BB016,B-,RBC,1,2023-08-22,HOSP004
ISSUE0366334909,BB016,B-,RBC,1,2025-09-18,HOSP012
ISSUEDBED55DFA8,BB016,B-,RBC,1,2026-03-01,HOSP011
ISSUE54911D1684,BB016,B-,Plasma,1,2025-01-18,HOSP009
ISSUE6E06DE7B41,BB016,B-,Plasma,1,2025-03-04,HOSP005
ISSUEE63E5ECF55,BB016,B-,Plasma,1,2025-09-18,HOSP008
ISSUE2E633A76D2,BB016,B-,Plasma,2,2026-01-27,HOSP002
ISSUEF5DFA9E145,BB016,B-,Platelets,1,2025-12-27,HOSP009
ISSUE18CDC5CE52,BB010,A-,Platelets,1,2026-05-22,HOSP007
ISSUE6B1ED3098C,BB013,B-,RBC,1,2026-07-21,HOSP009
ISSUE7A95D32F86,BB013,B-,Platelets,1,2026-07-02,HOSP002
ISSUED67C844840,BB015,AB+,RBC,1,2026-02-01,HOSP012
ISSUE73B8AB8244,BB015,AB+,RBC,1,2025-09-24,HOSP004
ISSUE014041896B,BB015,AB+,Platelets,1,2026-02-04,HOSP004
ISSUEDFEFB6B77C,BB010,AB+,Platelets,1,2026-01-13,HOSP012
ISSUE55E4DD28CA,BB009,B-,RBC,2,2024-12-24,HOSP006
ISSUEF3C9F6DD4B,BB009,B-,RBC,1,2026-02-03,HOSP007
ISSUE6C1D9068D6,BB009,B-,Plasma,1,2026-02-27,HOSP010
ISSUEC3E993D7CD,BB009,B-,Platelets,1,2024-12-31,HOSP010
ISSUE6B2EA6BE8C,BB009,B-,Platelets,1,2026-03-03,HOSP006
ISSUE83B93296C0,BB014,O-,Platelets,2,2025-12-01,HOSP005
ISSUEF002A77FA0,BB014,O-,Platelets,2,2023-02-16,HOSP010
ISSUEC4C9B33ED0,BB014,O-,Platelets,2,2026-07-01,HOSP009
ISSUEE63060944C,BB005,O-,Platelets,1,2023-08-18,HOSP002
ISSUE69055CBF22,BB001,A-,RBC,1,2022-09-13,HOSP004
ISSUE28ABC171E2,BB001,A-,RBC,1,2025-07-05,HOSP004
ISSUE3F1B42D7D2,BB001,A-,Plasma,1,2025-12-15,HOSP007
ISSUED6B7CFACF1,BB001,A-,Plasma,1,2022-09-04,HOSP011
ISSUEE5A5420EB9,BB009,O-,RBC,1,2026-06-18,HOSP005
ISSUE3A1444D637,BB009,O-,RBC,1,2026-07-20,HOSP004
ISSUEA4D2713C87,BB009,O-,Plasma,1,2026-07-28,HOSP008
ISSUE9E258B4BAE,BB012,B+,RBC,1,2026-02-09,HOSP010
ISSUEF4DC80301F,BB012,B+,RBC,1,2026-02-03,HOSP001
ISSUE1CF426E051,BB012,B+,RBC,2,2023-01-28,HOSP012
ISSUE3A42B638A2,BB012,B+,Plasma,2,2025-03-18,HOSP001
ISSUEFBC1AC4550,BB012,B+,Plasma,2,2024-01-01,HOSP007
ISSUEA1D6A8C701,BB012,B+,Platelets,1,2024-10-06,HOSP002
ISSUE905C20CE60,BB012,B+,Platelets,1,2023-02-02,HOSP009
ISSUE535C3402B3,BB018,O-,RBC,1,2025-11-24,HOSP005
ISSUE4237FD548B,BB018,O-,Plasma,1,2025-11-21,HOSP009
ISSUE5A74BD9AEE,BB006,O-,Platelets,1,2026-03-06,HOSP010
ISSUE3C23C23F51,BB003,O-,Platelets,1,2023-01-28,HOSP003
ISSUED7EDA343B1,BB019,AB-,RBC,1,2025-09-06,HOSP001
ISSUE517972667A,BB013,AB+,Platelets,1,2025-12-19,HOSP012
ISSUE764C4DD198,BB004,B-,RBC,1,2024-10-27,HOSP011
ISSUE64049687F2,BB004,B-,RBC,1,2026-07-03,HOSP010
ISSUE9A1E4AA066,BB004,B-,RBC,1,2025-12-08,HOSP008
ISSUE760990FD73,BB004,B-,Plasma,1,2025-12-11,HOSP003
ISSUE205D3937DC,BB016,AB-,RBC,1,2023-10-28,HOSP003
ISSUE8B9C7B9049,BB016,AB-,RBC,1,2025-02-09,HOSP001
ISSUEC3D7D80BC0,BB016,AB-,Plasma,1,2025-10-14,HOSP012
ISSUEE605C1770C,BB016,AB-,Plasma,1,2023-10-22,HOSP004
ISSUE0A83617C88,BB016,AB-,Platelets,1,2021-10-01,HOSP010
ISSUE00E39ACAAB,BB014,B-,Platelets,1,2026-04-18,HOSP011
ISSUE4892080D03,BB014,B-,Platelets,1,2024-06-03,HOSP004
ISSUEB5ABE5B6CB,BB014,B-,Platelets,1,2024-11-25,HOSP006
ISSUEBCBAC5D863,BB006,B+,Platelets,1,2026-02-14,HOSP011
ISSUEA06AF266A8,BB006,B+,Platelets,1,2026-08-09,HOSP010
ISSUE1774557A7F,BB006,AB-,Plasma,1,2025-07-17,HOSP001
ISSUE735819CF94,BB014,B+,Platelets,1,2024-11-16,HOSP002
ISSUE93D64247E1,BB014,B+,Platelets,1,2026-04-23,HOSP008
ISSUE25CC584E17,BB018,O-,Platelets,1,2023-05-15,HOSP005
ISSUE70A545E8F7,BB018,O-,Platelets,1,2025-11-22,HOSP011
ISSUE287C2D6451,BB018,A-,Platelets,1,2024-11-21,HOSP008
ISSUE05890646B6,BB018,A-,Platelets,1,2025-08-21,HOSP009
ISSUE4AA52E3D69,BB018,A-,Platelets,1,2024-09-04,HOSP002
ISSUE25DA3FB4C1,BB011,B-,RBC,1,2024-09-17,HOSP006
ISSUE526841AAA9,BB011,B-,RBC,1,2025-11-12,HOSP005
ISSUE0FBFA2480B,BB011,B-,Plasma,1,2025-03-03,HOSP001
ISSUECFC58019AE,BB011,B-,Plasma,1,2025-11-18,HOSP012
ISSUE921D2EFAAE,BB011,B-,Plasma,1,2023-11-24,HOSP012
ISSUE2A7BBAD182,BB011,B-,Plasma,1,2025-03-05,HOSP009
ISSUE943EDA5AD5,BB011,B-,Platelets,1,2025-01-24,HOSP011
ISSUEC713D55E91,BB011,B-,Platelets,1,2025-11-10,HOSP008
ISSUE929981CB85,BB011,B-,Platelets,1,2023-11-21,HOSP006
ISSUE84CBB9D043,BB017,O-,Platelets,1,2022-09-29,HOSP001
ISSUEC70A9F13EF,BB017,O-,Platelets,1,2022-05-29,HOSP008
ISSUEBC213F5CCF,BB004,A-,Platelets,1,2025-07-06,HOSP010
ISSUEF40BDC429E,BB004,A-,Platelets,1,2024-01-24,HOSP008
ISSUE666366C886,BB004,A-,Platelets,1,2025-05-29,HOSP005
ISSUE7468CCBAFA,BB001,AB-,Platelets,1,2024-11-05,HOSP010
ISSUE87949BD77E,BB020,AB+,Platelets,1,2023-01-05,HOSP002
ISSUE9E9D5CE768,BB013,AB-,Plasma,1,2023-10-05,HOSP010
ISSUE62287B8F7B,BB017,AB+,Platelets,1,2024-06-06,HOSP012
ISSUE110914A56F,BB017,AB+,Platelets,1,2025-04-18,HOSP012
ISSUE5C1CA9AE56,BB005,AB-,Plasma,1,2022-09-01,HOSP008
ISSUE9B2C7FBD2D,BB002,AB-,Platelets,1,2025-10-21,HOSP002
ISSUEAD1C3889D8,BB017,AB-,RBC,1,2021-04-03,HOSP005
ISSUE59111F8200,BB008,B-,Platelets,1,2025-08-29,HOSP001
ISSUEDF9A8C30FC,BB008,B-,Platelets,1,2025-10-31,HOSP005
ISSUE8F32CCF3D2,BB014,A-,Plasma,1,2022-09-26,HOSP003
ISSUE4CBC2B8C8E,BB014,A-,Plasma,1,2026-03-08,HOSP011
ISSUEB133AD2376,BB014,A-,Plasma,1,2025-09-17,HOSP001
ISSUEED11179BF0,BB019,B-,Platelets,1,2024-07-01,HOSP008
ISSUE95D43F8904,BB009,AB-,RBC,1,2025-02-28,HOSP009
